"COUNTYNAME","COUNTY","age5","age5sort","Sex","Total Population 2010","Total Population 2011","Total Population 2012","Total Population 2013","Total Population 2014","Total Population 2015","Total Population 2016","Total Population 2017","Total Population 2018","Total Population 2019"
"Adams","001","0-4","1","Female","943.89436904899","936.88735974271","928.93857132823","925.06105308344","917.03118437071","917.87574703342","908.02846064016","913.03874627104","905.11607581823","900.12040443072"
"Adams","001","0-4","1","Male","1,070.89750948411","1,054.89120814266","1,037.94012999539","1,024.0669005866","1,006.03562602528","999.87530177502","981.0323153811","978.03794436808","964.11782342289","950.11753718576"
"Adams","001","10-14","3","Female","815.95786082115","828.95078657564","844.96978784949","859.05175460053","872.03518563671","885.9309873708","903.05210371118","931.05306508442","944.12662325737","958.12669848143"
"Adams","001","10-14","3","Male","830.98164157171","848.97856132943","868.98476807396","888.05340924726","907.04155471129","925.95773159767","947.07318696726","979.06869330093","998.13788567082","1,016.13498397163"
"Adams","001","15-19","4","Female","741.96238198791","748.9601602533","759.97660382748","768.0454495603","776.03320859196","783.96092524095","794.06466176478","815.06508102756","823.12284993289","832.12309708731"
"Adams","001","15-19","4","Male","906.94786817936","906.94321042644","910.96854390159","913.0547988481","915.0389988955","915.95081769853","921.07297067401","937.07422384995","938.13891816089","939.1372613139"
"Adams","001","20-24","5","Female","596.9375316465","598.93257202295","601.96259914387","604.03754976909","607.02078094784","608.93364612981","612.02755849284","624.03439466088","625.0842975536","628.08714784997"
"Adams","001","20-24","5","Male","663.95200600629","664.94764776415","668.97027078092","672.04103011167","674.02660183297","675.95082991136","681.04632545267","692.04924580096","695.10038038749","695.09995835748"
"Adams","001","25-29","6","Female","629.95838198222","630.95749583421","632.97764260708","634.03734341539","635.02775227181","635.99161403744","640.0733067925","649.07767410382","650.11719777978","652.117443977"
"Adams","001","25-29","6","Male","611.95375651328","626.94945320996","640.97198569177","655.03880056321","670.02632409257","683.96310166561","700.05236109062","725.05597142077","738.11311596791","752.11559416879"
"Adams","001","30-34","7","Female","628.96476219939","633.96272276484","641.97845669937","648.04064133055","655.02829342652","658.95645388134","667.04907421618","684.05192464323","690.10170396096","695.10330814574"
"Adams","001","30-34","7","Male","626.95094219832","630.94790781698","635.97117450264","640.03949885702","644.02535755023","647.94739081095","655.04658938919","668.05669800311","672.10820997535","675.11458666808"
"Adams","001","35-39","8","Female","556.97870832148","561.97952699556","566.98877303349","572.03385773386","577.02749130754","580.99244140608","588.06507513158","601.06826218966","606.10664951047","610.10937748472"
"Adams","001","35-39","8","Male","586.97915912681","586.98114737469","587.98988460219","589.0349660878","590.02856054329","590.99387696491","593.0665722978","601.06862388362","602.10664088298","601.10926651979"
"Adams","001","40-44","18","Female","502.00126025042","514.00157894109","524.99956156412","538.03081417259","549.02867111898","562.0077745493","577.0694834425","595.06742289735","607.10283255058","618.10092401921"
"Adams","001","40-44","18","Male","552.99321198979","559.99466658899","568.99711272908","577.03170369721","584.0304908425","591.0288276095","601.0925655096","616.09519685022","623.12918606013","631.13277174204"
"Adams","001","45-49","10","Female","517.03631944306","518.03887404283","521.0203924227","524.02553117146","526.03333465171","528.06589489256","530.10495993014","539.09967168001","542.1177122452","543.11392285709"
"Adams","001","45-49","10","Male","520.01945296687","514.02416022523","510.01383063087","507.02463525127","503.03064084234","498.06608009597","494.10466581904","498.10191629256","493.1175516196","488.11561704887"
"Adams","001","50-54","11","Female","515.05395710124","510.05701695086","508.02924675816","506.02345502616","501.03440446939","498.08026971716","495.10482404664","500.09431833559","495.10556784968","492.10044614385"
"Adams","001","50-54","11","Male","488.06267225826","491.06725085031","494.03594534307","497.02155802273","500.03693205709","504.10972012332","508.12868274372","519.1179129938","521.12543769632","524.12093312574"
"Adams","001","55-59","12","Female","468.061820593","467.06664978026","467.03725957635","467.01618018409","465.03572455476","464.14232472442","466.1539625962","472.14621138768","471.14482431751","471.14151506078"
"Adams","001","55-59","12","Male","489.06641461143","486.07233450816","486.03956342686","483.01951072263","482.03740724319","480.12967500179","480.14335458373","484.13422187192","482.13676323941","479.13241063841"
"Adams","001","5-9","2","Female","886.93922398077","888.93382684625","891.96290343833","895.05629440133","896.03629517568","897.92482958628","903.05428250908","919.05791421555","921.12787852297","922.1283540992"
"Adams","001","5-9","2","Male","923.93249807599","933.93074826006","943.96258395868","957.06038501299","966.04116936302","975.93466191047","989.07600332814","1,014.08293608988","1,023.15813112602","1,033.16323074178"
"Adams","001","60-64","13","Female","391.06252038149","399.06834398848","408.03874063532","417.01462642519","425.03471650773","433.14524180598","441.15261896579","455.14754894562","465.1474293702","473.14526744465"
"Adams","001","60-64","13","Male","345.05294512146","355.05977872362","366.03408951413","377.01305178153","388.03118609072","398.13411177586","410.14424741535","427.14184333039","437.1418751494","448.14275468317"
"Adams","001","65-69","14","Female","271.04589330181","284.05289826966","297.03082721632","310.00729485297","323.02651989828","335.13538426378","348.13802966175","368.13891445287","379.13476087607","391.13679978323"
"Adams","001","65-69","14","Male","328.06298623979","340.06854682914","351.03819327929","364.00953309772","376.03099942381","386.1473414434","399.15127434069","416.14868646194","428.14533492456","439.14566359669"
"Adams","001","70-74","15","Female","229.03999778343","236.04433192469","243.02516752636","251.00423666734","260.02057548263","266.11203363563","273.11199514495","286.11322195673","292.10664327536","299.10919043612"
"Adams","001","70-74","15","Male","220.0386493154","225.04444996765","233.02606923016","238.00653155481","243.02113433308","250.10638904595","256.10682356011","265.10534562375","271.10062644468","278.10132670364"
"Adams","001","75-79","16","Female","179.04651699412","182.04645940543","183.02431984323","186.99999021334","190.01555020799","194.09446627833","194.08711991063","202.08732456746","203.07965474725","206.08038439255"
"Adams","001","75-79","16","Male","157.0273577625","161.03086645434","166.0180024266","170.00220244734","176.0141995891","180.08253576217","185.08087129218","192.08130587054","197.07530734223","201.07625659357"
"Adams","001","80-84","17","Female","135.0269744785","134.02548435146","134.01312589697","134.99906253267","134.0091961098","133.05893996634","133.0569648752","135.0563781303","135.05061325418","134.05058491437"
"Adams","001","80-84","17","Male","132.03002679091","130.03019268548","128.01644809115","128.0007151368","129.01152877617","127.0688798113","126.0627676018","125.05949482179","126.05285873324","126.05272198012"
"Adams","001","85+","18","Female","175.06304506989","170.05082528788","168.02418052734","163.99176584207","161.01107204035","152.08979273444","155.07883181119","153.07343599825","149.06185082263","145.05855876871"
"Adams","001","85+","18","Male","89.0253763983","88.0219548569","90.0112439347","87.997867984","86.00633103755","83.04395973986","87.04110890163","88.04022861419","86.03478755749","87.03469958411"
"Asotin","003","0-4","1","Female","634.0009969656","621.9998541205","610.9999197634","604.0002546749","594.9998983481","584.9997402223","574.9999098307","564.99991703027","557.00003788986","542.99981539578"
"Asotin","003","0-4","1","Male","627.00098614605","621.99985593158","614.99991648782","610.00025634746","607.99989490046","601.99972966263","596.99989891539","588.99990291507","587.00003952065","576.99979498017"
"Asotin","003","10-14","3","Female","607.0009545036","610.99985806644","614.99991429707","620.00025830321","624.99988952727","630.99971627677","638.99989280275","642.99989564968","649.00004249441","653.99977918336"
"Asotin","003","10-14","3","Male","666.0010470438","665.99984345588","664.99991203448","665.00027864017","666.99988327725","667.99969465337","669.99988444364","669.99989860372","671.00005355684","673.99977365279"
"Asotin","003","15-19","4","Female","682.0010726662","682.99984222383","682.9999051233","683.00028415866","683.99987560866","685.99967762813","687.99985928471","687.99985753279","690.000024065","690.9997672537"
"Asotin","003","15-19","4","Male","713.0011214318","709.99983659357","702.9998993132","700.00029085612","696.99987634561","693.99968897201","692.99988472336","688.99988850443","685.00004024655","681.99974672633"
"Asotin","003","20-24","5","Female","608.0009561718","601.99986011435","595.9999202989","590.0002480699","583.99989778791","579.9997395557","576.99989794657","570.99989069626","567.0000251072","560.99979420582"
"Asotin","003","20-24","5","Male","580.0009122235","577.99986602536","571.99992250871","571.00023958605","567.99989966841","567.9997390201","566.99989013476","561.99988744444","561.00003484715","557.99982118823"
"Asotin","003","25-29","6","Female","674.0010599068","666.99984361249","659.99991439506","653.00027531606","647.99988759416","643.99971142792","638.9998964343","632.99990078723","626.00004271697","621.99978350542"
"Asotin","003","25-29","6","Male","571.00089785181","574.99986506461","575.99992531738","580.00024415174","582.99989822177","587.99973603834","591.99990068915","594.99989900299","598.00003203189","602.99977434235"
"Asotin","003","30-34","7","Female","583.00091684618","581.99986525624","579.99992059259","580.00024292316","579.99989923093","579.99974395229","579.99991086705","578.99991504546","580.00004446098","579.99979644712"
"Asotin","003","30-34","7","Male","585.00091981729","585.9998624656","585.9999235173","586.00024622822","588.99989681526","590.9997318306","592.9998981307","593.99990425069","595.00004376651","597.99978650672"
"Asotin","003","35-39","8","Female","560.00088056704","570.99986687638","578.99992164817","590.00024643238","599.99989411928","610.99972648756","623.99990030027","633.99990613415","643.00004761012","654.99976984245"
"Asotin","003","35-39","8","Male","536.0008430581","542.9998746644","546.9999232079","554.0002311749","560.9999017815","568.9997479363","576.9999108124","584.99991516633","591.0000419172","597.99979260218"
"Asotin","003","40-44","18","Female","638.0010034757","631.99985426789","625.99990942102","622.00025763551","616.99989006587","614.99972971803","610.99990602085","606.99990739169","603.00003132465","596.99976483676"
"Asotin","003","40-44","18","Male","576.000906086","574.99986839358","574.99991407736","574.00023699225","573.99989783172","574.99974918936","574.9999114516","574.99990715463","576.00001869933","574.9997693009"
"Asotin","003","45-49","10","Female","792.0012455023","772.9998216455","750.9998917722","731.0003023301","712.99987236444","694.9996936636","676.99989569584","657.9999013607","639.00003853548","619.99977892089"
"Asotin","003","45-49","10","Male","744.0011700458","726.99983251994","709.99989872383","692.00028659528","675.99987835138","661.99970364611","647.99989124891","629.99989353735","614.00002736021","597.99976895414"
"Asotin","003","50-54","11","Female","875.001376064","852.9998037636","827.999880277","806.0003326588","782.99985769699","762.99965898535","742.99987507574","720.99987676687","698.00003563717","677.99974986665"
"Asotin","003","50-54","11","Male","775.0012188359","757.9998258887","740.9998913699","724.0002985151","708.9998720457","692.9996927333","680.99988998375","663.99989372115","648.00003397556","631.99976280769"
"Asotin","003","55-59","12","Female","819.00128787471","823.9998112694","825.9998810746","831.00034210935","835.99984676061","841.99962553048","849.99986546138","852.99987171485","859.00005358534","863.9996935464"
"Asotin","003","55-59","12","Male","794.00124830902","789.99981740199","784.9998877402","780.00032107042","775.99985818057","774.99965622933","770.99987674923","766.99988109451","765.00003873852","760.99971713758"
"Asotin","003","5-9","2","Female","675.0010614886","670.99984319287","665.99990884165","663.00027734957","659.99988512615","656.99970954204","655.99989904576","651.99990449424","648.00004292903","646.99976118372"
"Asotin","003","5-9","2","Male","660.0010380343","656.9998461285","653.99991087363","651.0002731235","646.99988818037","646.99971153944","645.99989704584","643.99990360004","640.00004344365","638.99977271102"
"Asotin","003","60-64","13","Female","769.00120891994","785.99981898501","800.99988612771","819.00033605831","834.99984360358","853.99961371584","873.9998488671","890.99984610708","908.00004079664","925.99965353002"
"Asotin","003","60-64","13","Male","708.00111329641","717.99983612302","726.99989348109","736.00030141672","746.99986055566","758.9996581528","769.99986766835","780.99986866361","792.00003890272","801.9997271684"
"Asotin","003","65-69","14","Female","653.0010265529","667.99984696237","680.99990480813","696.00028464584","709.99986149609","726.99965534368","742.99984418462","758.99983952069","773.00001183797","787.99968464543"
"Asotin","003","65-69","14","Male","614.000965461","631.9998550614","648.9999063401","668.0002735892","686.9998699378","707.9996738613","727.9998638699","746.9998622677","765.00003041606","782.99972849517"
"Asotin","003","70-74","15","Female","519.00081583244","541.9998760594","564.99992270431","587.00023948385","609.99987782485","636.99969103636","660.9998493336","682.99984151685","707.00000726092","732.99970498086"
"Asotin","003","70-74","15","Male","524.00082360506","535.99987676425","545.99992362954","558.00022729515","567.99988827959","581.99972573232","594.99987595275","606.99986884046","618.00000107801","629.9997330688"
"Asotin","003","75-79","16","Female","416.00065379767","426.99990244391","438.99994267223","450.0001839861","461.99990607736","475.99976402218","486.99988321164","499.99987734108","512.00000507972","523.99980423302"
"Asotin","003","75-79","16","Male","360.0005657136","375.99991332606","391.99994761554","406.00016566619","422.99991515096","438.99978533133","457.99989292755","473.99988661191","490.00000156226","506.99981723348"
"Asotin","003","80-84","17","Female","332.0005216342","332.9999247053","333.9999576383","333.0001353885","334.9999284371","336.9998285458","338.9999102715","338.99990628605","340.99999682348","341.99986725041"
"Asotin","003","80-84","17","Male","238.0003739693","245.9999439773","255.9999661048","264.0001072489","273.999943561","282.9998628611","292.9999339172","301.99993135575","311.00000088713","320.99987244376"
"Asotin","003","85+","18","Female","334.00052444213","335.99992825279","342.99996053156","344.00013795901","346.99991447974","349.99980262103","356.99986381305","359.9998370668","361.99997172166","367.99987741439"
"Asotin","003","85+","18","Male","182.00028586268","188.99995840688","196.99997567324","204.00008202824","211.99995076266","215.99988432495","228.99992289824","235.99991482139","242.99997916916","250.99999444196"
"Benton","005","0-4","1","Female","6,365.0013779238","6,367.99423658143","6,363.9923009461","6,397.99355470142","6,431.99540847577","6,433.99905600457","6,423.99797380161","6,444.99922660413","6,497.99852490118","6,553.99811081324"
"Benton","005","0-4","1","Male","6,706.00148589743","6,702.99365148507","6,690.99152684559","6,719.99282503199","6,748.99499456401","6,745.99890019222","6,725.9978013272","6,742.99915645332","6,790.99826513088","6,843.99792161033"
"Benton","005","10-14","3","Female","6,470.00063761444","6,584.99899496699","6,696.99823583453","6,843.99860137059","6,993.99775095146","7,111.00051166544","7,205.99873404805","7,346.99971378004","7,518.99951770494","7,692.99842614806"
"Benton","005","10-14","3","Male","6,880.00072967779","6,994.99867909832","7,109.99795000758","7,261.99851122942","7,414.99772832772","7,534.00068016719","7,628.99881584784","7,772.99984418455","7,948.99995946357","8,128.99863638224"
"Benton","005","15-19","4","Female","6,272.00063119657","6,331.99887270579","6,391.9981163886","6,484.99853583295","6,580.99783542678","6,645.00044035351","6,688.9987829006","6,775.99972176433","6,891.99965739526","7,006.99859347842"
"Benton","005","15-19","4","Male","6,642.00059687978","6,694.99931554648","6,748.9987908523","6,835.99918484796","6,926.99812929386","6,983.00075142123","7,020.99894634726","7,101.99987022737","7,212.00025346438","7,324.99883842498"
"Benton","005","20-24","5","Female","5,422.00114786891","5,453.99495364092","5,482.99301650928","5,540.99379090907","5,601.99556628988","5,635.99881447069","5,652.99788903619","5,705.99907867516","5,782.99802710784","5,860.99798113665"
"Benton","005","20-24","5","Male","5,533.00118268967","5,585.99476901514","5,637.99279764695","5,716.99361039242","5,800.99542892704","5,856.9988036655","5,894.99782685047","5,970.99905519034","6,069.9980073777","6,172.99788162131"
"Benton","005","25-29","6","Female","5,875.00107191433","5,934.99585920542","5,992.99424281501","6,082.99492823177","6,173.99603401185","6,235.99923983495","6,280.99803096846","6,364.99918455794","6,474.99831910379","6,587.99800080402"
"Benton","005","25-29","6","Male","6,097.00110404299","6,141.9957175604","6,185.99401292421","6,261.99479228079","6,339.99590969301","6,388.99922777613","6,417.99799912551","6,487.9991671427","6,584.99824568188","6,683.99788987521"
"Benton","005","30-34","7","Female","5,496.00078214617","5,631.99776261537","5,765.99683484583","5,927.99742190563","6,093.99738315109","6,231.00011311753","6,349.99868849863","6,505.99962269322","6,690.99942414847","6,878.99855944744"
"Benton","005","30-34","7","Male","5,570.00085712407","5,703.99719598356","5,837.99593241829","6,001.99643019382","6,168.99676150122","6,303.99968599079","6,420.99834755586","6,578.99939337862","6,761.99874376073","6,950.99816439768"
"Benton","005","35-39","8","Female","5,310.00050595647","5,479.99957592348","5,645.99935854046","5,842.99987563361","6,040.99879131946","6,211.00102356575","6,360.99938812926","6,551.00014470151","6,768.00082059452","6,989.9994179515"
"Benton","005","35-39","8","Male","5,362.00059960609","5,522.99891172078","5,682.99847425055","5,869.99911542246","6,062.99835410768","6,226.00074560249","6,367.99916944715","6,550.99998773556","6,761.00043939461","6,973.9991800968"
"Benton","005","40-44","18","Female","5,607.00024738096","5,661.00125316949","5,714.00140685664","5,797.00157362815","5,881.99961128306","5,940.00136503263","5,978.99957627054","6,056.00018474968","6,159.00087369333","6,261.99942627858"
"Benton","005","40-44","18","Male","5,455.00029863495","5,521.00090770379","5,586.00102746085","5,681.00130852539","5,775.99954934578","5,846.00136020999","5,897.99966479136","5,987.00026087279","6,099.00106117515","6,215.99956698699"
"Benton","005","45-49","10","Female","6,324.00002253018","6,249.00289199185","6,172.00334967319","6,129.00314403198","6,086.00028268034","6,016.00173050978","5,928.99978738017","5,880.00028831534","5,855.0010616145","5,830.99957057389"
"Benton","005","45-49","10","Male","6,119.00011678826","6,043.00229646194","5,964.00269392224","5,920.00269386363","5,876.00014988688","5,805.00163925996","5,717.99983090278","5,667.00032148485","5,639.00109221737","5,612.99968818164"
"Benton","005","50-54","11","Female","6,300.99980385311","6,230.00427669559","6,158.00521404891","6,120.00485349754","6,084.00114662639","6,018.00222664106","5,936.00006511201","5,892.00044475502","5,872.00149886159","5,852.9997413954"
"Benton","005","50-54","11","Male","6,322.99993989975","6,233.0034439697","6,143.00418983942","6,085.00400192553","6,028.00074958806","5,945.00201005843","5,845.99998455002","5,781.00041473358","5,742.00140304291","5,702.99979033807"
"Benton","005","55-59","12","Female","5,845.99977211993","5,876.0043174087","5,905.00551820809","5,964.00538723842","6,026.00160583338","6,058.0025836443","6,074.0003393336","6,129.00066832272","6,207.00229318224","6,287.00015626939"
"Benton","005","55-59","12","Male","5,912.99977536574","5,912.00436666176","5,914.00551606766","5,943.00532254656","5,975.00155403022","5,981.00253751591","5,969.00033532567","5,992.00064890467","6,043.00213482935","6,094.00010696359"
"Benton","005","5-9","2","Female","6,338.00091618184","6,424.99723497809","6,509.9961048117","6,629.99680690399","6,751.99696931585","6,843.00003883069","6,909.99851657932","7,023.99958383548","7,164.99935533441","7,309.99837388821"
"Benton","005","5-9","2","Male","6,743.00096618958","6,831.99710700794","6,919.99582703321","7,042.99645133822","7,168.99664425024","7,260.9999331585","7,331.99833834917","7,446.9994934264","7,594.99904779293","7,744.99814781979"
"Benton","005","60-64","13","Female","4,763.99971655586","4,901.00411609594","5,038.00530320949","5,201.00507874224","5,365.00157529105","5,502.00240532557","5,625.00027902969","5,781.00059398213","5,961.00214106619","6,145.00005034721"
"Benton","005","60-64","13","Male","4,857.99966210399","4,959.00452269832","5,058.00580087276","5,184.00552621427","5,313.00180302912","5,415.0025219781","5,502.00040678505","5,622.00066329795","5,767.00229573092","5,913.00020203986"
"Benton","005","65-69","14","Female","3,454.99975764554","3,667.00319164556","3,877.00438828985","4,106.00446069815","4,337.00158071264","4,548.00220696207","4,744.00025952525","4,968.00045723048","5,213.00235494398","5,463.00003329004"
"Benton","005","65-69","14","Male","3,331.99973060891","3,526.00339956568","3,718.00461642095","3,930.00463708944","4,143.0017251771","4,335.0022181314","4,515.00035192293","4,721.00050009024","4,948.0022012973","5,178.00007196052"
"Benton","005","70-74","15","Female","2,446.99979278272","2,637.00244793367","2,825.00350150466","3,027.00359604352","3,231.00136092219","3,420.00174368681","3,598.00013192192","3,796.0002531072","4,012.00173511015","4,228.9998586479"
"Benton","005","70-74","15","Male","2,280.9997985504","2,465.00251924354","2,649.00367473791","2,844.00386363004","3,042.00160155311","3,224.00190233396","3,397.00040613608","3,591.00046239713","3,798.00217112474","4,009.00024090271"
"Benton","005","75-79","16","Female","1,969.99982136483","2,066.0019097393","2,160.00269311285","2,266.00269167002","2,371.00100505973","2,467.00124883048","2,552.99998723947","2,655.00006098578","2,771.00117276605","2,885.9997579844"
"Benton","005","75-79","16","Male","1,575.9998573184","1,678.00163078989","1,776.00235413016","1,886.00242991491","1,996.00098229992","2,096.00118764148","2,190.00017741805","2,297.00023347883","2,413.00131779494","2,531.00010429875"
"Benton","005","80-84","17","Female","1,590.9997930627","1,628.00168992342","1,663.00237710166","1,707.00225921413","1,753.00083364225","1,788.00089106964","1,819.99982971885","1,863.99986604051","1,913.00072426014","1,964.999606159"
"Benton","005","80-84","17","Male","1,155.99986716576","1,195.00123774043","1,234.00172932952","1,279.00170803607","1,325.00067008683","1,365.00076571038","1,399.00008401726","1,444.00012904362","1,493.00080464456","1,544.00006620636"
"Benton","005","85+","18","Female","1,837.99973733751","1,866.00187942048","1,893.00287603697","1,934.00282635706","1,970.00110146475","2,000.00099683564","2,021.99940435224","2,060.99939066698","2,102.00063396493","2,148.99898288739"
"Benton","005","85+","18","Male","939.99989601806","971.00086307764","1,002.00124650753","1,037.00120088799","1,072.00042187758","1,104.00049283218","1,132.9998494448","1,165.9999131637","1,208.00042029957","1,243.99985440961"
"Chelan","007","0-4","1","Female","2,338.00272538255","2,299.99334693557","2,266.98618800253","2,225.98268784614","2,209.98210426906","2,180.98206509297","2,155.98556880237","2,133.98667536231","2,118.98906174954","2,087.99511232767"
"Chelan","007","0-4","1","Male","2,577.00298482085","2,527.99280866763","2,485.98511538457","2,431.98127701939","2,408.97998791883","2,368.98025996626","2,334.98474322821","2,299.98665209758","2,278.98961300423","2,237.99573529528"
"Chelan","007","10-14","3","Female","2,518.00170483925","2,519.99746724979","2,519.99424191006","2,516.99322243048","2,538.99235279584","2,543.99188222827","2,554.99341026249","2,572.99276715863","2,599.99381987163","2,604.99703878174"
"Chelan","007","10-14","3","Male","2,554.00181928313","2,564.99688106733","2,572.99261952967","2,577.99048241279","2,610.98801481914","2,624.98671696702","2,643.98871317213","2,669.98815891323","2,706.98941510042","2,720.99484884024"
"Chelan","007","15-19","4","Female","2,534.00192587684","2,512.99661828048","2,488.9926089663","2,462.9910191317","2,462.99000339147","2,443.98937954739","2,430.99107414774","2,425.99068702471","2,429.99182604849","2,411.99597156951"
"Chelan","007","15-19","4","Male","2,668.0016849635","2,655.99747235755","2,643.99362268861","2,627.99162606335","2,639.98896288453","2,631.98742316488","2,629.98899676263","2,634.98826186584","2,650.98944683416","2,643.99473483364"
"Chelan","007","20-24","5","Female","2,021.00209951102","2,019.99521047987","2,015.98979227335","2,010.98677992527","2,027.98470128791","2,027.98420429871","2,033.98719579668","2,044.98827363214","2,063.99030528711","2,064.99563867175"
"Chelan","007","20-24","5","Male","2,239.0022312726","2,233.99485371245","2,226.98866567202","2,218.98503772285","2,233.98327030015","2,231.98220486601","2,233.98481797612","2,242.98529850886","2,261.98710676519","2,259.9938461687"
"Chelan","007","25-29","6","Female","2,080.00217199952","2,078.99488833176","2,074.98889876801","2,067.98545571526","2,083.98216100078","2,085.98134045233","2,090.98481629033","2,101.98600165056","2,119.98831650396","2,121.99488619896"
"Chelan","007","25-29","6","Male","2,229.00228110005","2,238.99470241393","2,245.9885118815","2,249.98506053959","2,278.98357456897","2,290.98275787896","2,307.98565923924","2,329.98634631984","2,361.98812105111","2,374.99454344828"
"Chelan","007","30-34","7","Female","2,040.00167160966","2,066.99680696735","2,094.99291170805","2,118.99112491822","2,163.99002144596","2,195.98938739626","2,229.99111415155","2,270.99100942322","2,319.99226762287","2,349.99642838302"
"Chelan","007","30-34","7","Male","2,058.00192137058","2,089.99601698031","2,118.99154635812","2,146.98974629094","2,196.98904160813","2,229.98901148496","2,267.99135870234","2,313.99170946623","2,366.99311789858","2,401.99688011807"
"Chelan","007","35-39","8","Female","2,078.00135407754","2,112.99802011663","2,144.99543140823","2,174.99477031951","2,227.99532870314","2,263.99539362208","2,303.99660855446","2,351.99607173416","2,408.99693856679","2,444.9986797519"
"Chelan","007","35-39","8","Male","2,004.00133853424","2,046.99814053106","2,086.9958825549","2,125.9954442789","2,186.99557709158","2,231.99543229414","2,280.9965432532","2,337.99585723953","2,401.9965878758","2,446.9983684463"
"Chelan","007","40-44","18","Female","2,140.00102517261","2,155.99955744977","2,171.99863665327","2,181.99927974352","2,218.99747185004","2,238.99730685316","2,261.99830325618","2,292.99747677584","2,329.99809946998","2,349.9990595879"
"Chelan","007","40-44","18","Male","2,151.0011834583","2,154.99896936362","2,159.9974278533","2,161.99753172434","2,184.99572075558","2,193.99566415991","2,204.99695919261","2,224.99645173645","2,251.99747675815","2,258.99888938315"
"Chelan","007","45-49","10","Female","2,547.00051548886","2,503.00182514328","2,459.00272848645","2,411.00424600542","2,389.00292252917","2,349.00222375029","2,316.00151828042","2,286.99968498601","2,267.99950692476","2,229.99951032143"
"Chelan","007","45-49","10","Male","2,487.00091281367","2,449.00033004766","2,408.99991168503","2,366.00097966288","2,349.00013683907","2,312.99996355624","2,284.00021933541","2,259.99912030905","2,246.99945417624","2,210.99970533051"
"Chelan","007","50-54","11","Female","2,824.00002181257","2,754.00404922784","2,684.00715117998","2,609.01031342434","2,563.00776173248","2,497.00707634845","2,437.00575998385","2,386.00353403202","2,341.00292281586","2,279.00102336467"
"Chelan","007","50-54","11","Male","2,699.00040391238","2,644.00268633002","2,591.00491458718","2,532.00811660499","2,501.00759497889","2,451.00775779837","2,408.00693751391","2,371.00507101371","2,341.00461244788","2,293.00191040857"
"Chelan","007","55-59","12","Female","2,586.99967222249","2,582.00515251447","2,576.00968935467","2,567.01437754596","2,586.01266425297","2,584.01264334063","2,589.01113732211","2,600.00880760871","2,622.00817504754","2,621.00366591837"
"Chelan","007","55-59","12","Male","2,626.9998022874","2,605.00470605872","2,581.00867219736","2,555.01267473105","2,555.00915332359","2,537.0085888368","2,524.0073860891","2,519.00510395037","2,522.00457152081","2,505.00194464926"
"Chelan","007","5-9","2","Female","2,347.00198837126","2,334.9961195305","2,321.99148335975","2,304.98930040025","2,311.9872402177","2,304.98667973978","2,300.98923508002","2,303.98959178289","2,314.99132436766","2,305.99605310241"
"Chelan","007","5-9","2","Male","2,517.002344735","2,513.99502974186","2,506.98942180412","2,497.9869091004","2,515.98600701421","2,516.98577700568","2,521.98857136735","2,532.98887045287","2,553.99055289227","2,554.99560795609"
"Chelan","007","60-64","13","Female","2,208.99932142129","2,271.00602081278","2,329.01181296714","2,385.01772044229","2,467.01663458888","2,528.01745495145","2,597.01567468907","2,672.01331770787","2,758.01245579508","2,822.00579760326"
"Chelan","007","60-64","13","Male","2,204.99954984633","2,252.00511547548","2,297.00996139353","2,339.01510186509","2,406.01538755215","2,454.0161477204","2,508.01422916185","2,568.01161091438","2,640.01058022507","2,689.00478160843"
"Chelan","007","65-69","14","Female","1,648.99938597598","1,747.005054266","1,842.01046096796","1,934.01641342196","2,046.01823130507","2,145.02009635021","2,245.01808910199","2,354.0159124559","2,473.0153042239","2,570.00696993199"
"Chelan","007","65-69","14","Male","1,587.99954307831","1,687.00432139092","1,783.00872603147","1,876.0136474634","1,990.01467130776","2,088.0158759546","2,191.01424573957","2,301.01201900267","2,419.01116911063","2,518.00493559942"
"Chelan","007","70-74","15","Female","1,309.99958122363","1,391.00373319704","1,470.00794093268","1,548.01284127709","1,642.01464076034","1,722.01649376948","1,808.01507634975","1,898.01312374658","1,996.01266177096","2,077.00574664082"
"Chelan","007","70-74","15","Male","1,271.99959995994","1,342.00365599185","1,412.00789461374","1,476.01282674582","1,557.0152574638","1,628.01744678026","1,701.01613272462","1,780.01419614807","1,866.01350745721","1,935.00620034739"
"Chelan","007","75-79","16","Female","1,033.999557705","1,075.00327181268","1,114.00667687468","1,152.01027495366","1,202.00983618594","1,244.01077350998","1,287.00990323648","1,335.00882173639","1,387.00849025502","1,429.00381633816"
"Chelan","007","75-79","16","Male","926.99955439464","968.00320305493","1,006.00669502932","1,042.01047020749","1,089.01177473875","1,129.01314067241","1,172.01188166123","1,218.01051037112","1,269.0099548966","1,308.00447963193"
"Chelan","007","80-84","17","Female","903.99961682431","914.0025327276","922.00479077348","929.00710644103","946.00777510274","956.00809444331","968.00673784527","984.00559495115","1,002.00528229212","1,013.00218704126"
"Chelan","007","80-84","17","Male","657.9997314067","675.00194750907","691.00385406878","706.00585067202","730.00633842505","747.0067165139","767.00580202615","787.0048777958","812.00448209902","829.00191685533"
"Chelan","007","85+","18","Female","1,162.99924503744","1,166.00399672634","1,168.0074547689","1,171.01075258983","1,183.01186042486","1,188.01191364588","1,195.00937890349","1,205.00752326578","1,220.00695219277","1,225.00274812141"
"Chelan","007","85+","18","Male","669.9995281998","677.00248753893","682.00465729744","687.0065303394","699.00681655285","704.00670503214","712.00520080477","725.0040088623","739.00351908938","746.00133739832"
"Clallam","009","0-4","1","Female","1,570.98365180818","1,565.99438752728","1,558.9901629931","1,550.98963685181","1,548.99057344764","1,540.9872700204","1,536.98473760007","1,537.98283539422","1,534.97546606451","1,536.96246895668"
"Clallam","009","0-4","1","Male","1,791.98139811643","1,767.99371325208","1,740.98925260182","1,713.98902792202","1,692.99033554197","1,666.98733020517","1,644.98535198159","1,626.98408629255","1,603.97811584586","1,586.96777033243"
"Clallam","009","10-14","3","Female","1,886.9900346481","1,868.99652643676","1,855.99353929912","1,835.99304709339","1,817.99370109543","1,797.9913873649","1,786.9894760397","1,776.98779834449","1,764.98258004522","1,760.9732138344"
"Clallam","009","10-14","3","Male","1,934.98725167303","1,926.99548321581","1,923.99164847625","1,916.99092156301","1,907.99160708018","1,898.98831220057","1,898.9855015919","1,898.98311685705","1,896.97527259019","1,902.96110492101"
"Clallam","009","15-19","4","Female","1,833.9890698065","1,813.99633505406","1,797.9933973399","1,777.99312554273","1,755.99385346813","1,737.99183885648","1,723.99022434242","1,710.98877354087","1,696.98388054567","1,689.97547065606"
"Clallam","009","15-19","4","Male","2,159.99001263037","2,120.99647182317","2,088.99351197488","2,049.99311360429","2,010.9938303904","1,971.99159791456","1,942.98983956915","1,913.98821017527","1,880.98297917615","1,855.97363818001"
"Clallam","009","20-24","5","Female","1,593.98898189134","1,571.99620975321","1,556.99324561112","1,533.99292547051","1,511.99369050761","1,490.99158405522","1,474.99001077403","1,459.98880575062","1,445.98410540003","1,434.97607079085"
"Clallam","009","20-24","5","Male","2,003.98832553286","1,971.99580042926","1,944.99259158674","1,913.99248333659","1,880.99335549757","1,848.99118805567","1,825.98957691094","1,802.98819471636","1,775.98319409273","1,758.97398644036"
"Clallam","009","25-29","6","Female","1,673.99220631547","1,663.99729524611","1,657.99500702674","1,648.99471036566","1,635.99530279961","1,625.99374026931","1,622.9924951337","1,620.99130540831","1,616.98776646586","1,617.9815452884"
"Clallam","009","25-29","6","Male","1,916.98641001106","1,909.99518738043","1,906.99149710775","1,898.99130516222","1,889.99236364384","1,881.98993426909","1,881.9884273329","1,881.98738697335","1,881.98269947674","1,887.97500188021"
"Clallam","009","30-34","7","Female","1,611.99151540385","1,644.99702599211","1,680.9944513218","1,713.99399666649","1,742.99454098899","1,774.99250691376","1,813.99073530466","1,853.98906336857","1,891.98413955845","1,937.97507311178"
"Clallam","009","30-34","7","Male","1,847.99238619151","1,864.99707453582","1,884.99432682528","1,901.99379419608","1,915.99421590702","1,932.99175696557","1,956.98945559792","1,980.98712130218","2,003.98062840321","2,033.96857877754"
"Clallam","009","35-39","8","Female","1,628.99439065526","1,661.99830523217","1,697.99711667324","1,729.9973566754","1,758.99817580053","1,788.99817215911","1,828.99831938603","1,866.99804773938","1,905.99800560632","1,949.99751649774"
"Clallam","009","35-39","8","Male","1,735.99314619388","1,780.9975779341","1,830.99545540484","1,875.99518941584","1,917.99573219168","1,960.9941671704","2,013.99277878004","2,065.99110412061","2,117.98685954126","2,177.97874689138"
"Clallam","009","40-44","18","Female","1,779.99528264343","1,785.99851996015","1,794.99716995162","1,799.99712544741","1,803.99776715287","1,806.99735214951","1,820.99709064124","1,833.99660237319","1,843.99603590689","1,862.99460889804"
"Clallam","009","40-44","18","Male","1,798.99383916947","1,810.99786475072","1,830.99598688375","1,841.99586533187","1,854.99652971775","1,866.99543391141","1,886.99459951654","1,908.99352859396","1,927.99095004953","1,955.9858037306"
"Clallam","009","45-49","10","Female","2,331.99741567956","2,276.99925143563","2,227.99835038239","2,172.99838447812","2,114.99891273199","2,060.998814131","2,015.99858610634","1,970.9978332058","1,923.99723363449","1,881.99561511161"
"Clallam","009","45-49","10","Male","2,164.99504054334","2,125.99838716748","2,091.99695559584","2,051.99705121218","2,010.99776298948","1,970.99731705828","1,939.99699821463","1,909.99632485859","1,877.99532947217","1,850.99314308256"
"Clallam","009","50-54","11","Female","2,833.00490113893","2,744.00161624584","2,663.00199933546","2,576.00195074206","2,485.00199105656","2,399.00269605743","2,321.00283316225","2,243.00199401144","2,165.00270131087","2,094.00307943715"
"Clallam","009","50-54","11","Male","2,647.00100208871","2,569.00019928825","2,498.99949677729","2,423.99922133362","2,343.99929823249","2,268.99874229314","2,199.99775645271","2,134.99603801831","2,066.99347735394","2,005.98825692927"
"Clallam","009","55-59","12","Female","3,239.0123237632","3,197.00381632187","3,163.00529617247","3,121.00512832636","3,076.00457658984","3,033.00559594436","3,004.00554946923","2,976.00368758828","2,945.00364932076","2,924.00141267581"
"Clallam","009","55-59","12","Male","2,854.00614298957","2,806.00186877228","2,768.0022000485","2,720.00197094169","2,670.00181849662","2,623.00220324535","2,587.00202916836","2,552.00069062739","2,515.00044106524","2,486.99883710224"
"Clallam","009","5-9","2","Female","1,663.98860299253","1,662.99592006232","1,664.9924311","1,663.99174997381","1,661.99231531537","1,659.98925053498","1,663.98665536967","1,670.98436244505","1,674.97679705524","1,684.96317825197"
"Clallam","009","5-9","2","Male","1,733.98700812643","1,746.99546996676","1,763.99177833694","1,778.99113761863","1,788.99184445243","1,800.98871818203","1,820.98610235861","1,841.98375269763","1,861.97612444929","1,887.96251833211"
"Clallam","009","60-64","13","Female","3,151.01864550879","3,199.00610061034","3,254.00960544151","3,300.01022854755","3,344.00979941906","3,391.01351560913","3,451.01608814146","3,513.01629754363","3,570.02348290325","3,643.03420377366"
"Clallam","009","60-64","13","Male","2,824.01567005102","2,852.00499768668","2,886.00739495377","2,913.00735126066","2,938.00666126109","2,964.0085162879","3,003.00905976076","3,043.00760049337","3,080.00917085589","3,129.00944504673"
"Clallam","009","65-69","14","Female","2,746.01896662075","2,883.0064354349","3,025.01096390417","3,160.01252195708","3,291.01259174659","3,425.0183156003","3,571.02321091969","3,721.02544581557","3,866.03856166786","4,028.06013873834"
"Clallam","009","65-69","14","Male","2,509.0166531283","2,608.00567326027","2,714.00950235064","2,814.01067791708","2,910.01066399969","3,008.01541389958","3,117.01928078153","3,228.02095940702","3,337.03176822403","3,458.04934804287"
"Clallam","009","70-74","15","Female","1,960.0148446602","2,113.00511593811","2,268.00902130217","2,419.01069194224","2,566.01105404446","2,715.01647664478","2,875.02160837064","3,037.02455434014","3,196.03835784021","3,367.06157506443"
"Clallam","009","70-74","15","Male","2,001.0131645589","2,112.00463111407","2,230.00827198109","2,342.00989469076","2,450.01035539799","2,562.01569897475","2,682.02064104685","2,804.02327898053","2,923.03627224049","3,054.05824671229"
"Clallam","009","75-79","16","Female","1,591.0122757659","1,677.00412796206","1,764.00720294507","1,847.00849857366","1,930.00867504457","2,013.01286626991","2,104.0169751059","2,196.01975872074","2,284.03099781585","2,385.05002260104"
"Clallam","009","75-79","16","Male","1,430.01304152006","1,511.00433860551","1,596.00738207749","1,675.0083669409","1,755.00830258423","1,835.01198206653","1,921.01520660184","2,008.01697578969","2,095.02595915607","2,189.0409021561"
"Clallam","009","80-84","17","Female","1,318.01290621236","1,332.00396852511","1,349.00649447273","1,363.00716441033","1,374.00676517616","1,387.00935702408","1,406.01166502222","1,426.01280934193","1,445.01914995532","1,467.02991215611"
"Clallam","009","80-84","17","Male","1,121.01055815869","1,148.00333598259","1,176.00553804441","1,201.00617076823","1,225.00595555587","1,250.00840636996","1,281.01058863927","1,311.01172116044","1,341.01772263169","1,376.02769532647"
"Clallam","009","85+","18","Female","1,560.0185905526","1,550.00545342726","1,550.00893137246","1,539.00979887246","1,530.00904549833","1,521.0122316951","1,520.01523630418","1,518.01672665782","1,515.02466055608","1,519.03855040516"
"Clallam","009","85+","18","Male","953.0113432453","963.003513671","974.00582232518","983.00641487313","990.00603520263","999.00830962665","1,013.01030849522","1,025.01120735288","1,038.01646374872","1,054.0253198625"
"Clark","011","0-4","1","Female","14,382.00062813562","14,202.9994716837","14,044.99893432571","13,923.99899281578","13,889.99999640399","13,882.00000570717","13,903.99903379865","13,963.99932497634","13,957.9995704534","13,985.99993634559"
"Clark","011","0-4","1","Male","15,047.00065761711","14,866.99943343609","14,705.99885764944","14,585.99890776025","14,555.99992236085","14,552.99993055588","14,580.99889773902","14,649.99921235129","14,652.99943684658","14,685.99992844105"
"Clark","011","10-14","3","Female","15,932.00074258088","15,897.00009410292","15,879.99968098861","15,902.99986378373","16,026.00095465206","16,172.00082314901","16,361.99972141554","16,595.99992001728","16,753.00032446587","16,953.99995043393"
"Clark","011","10-14","3","Male","16,908.00079327332","16,862.00016727287","16,835.99974686608","16,850.99994985749","16,973.00109479139","17,120.00094829345","17,311.99980714842","17,552.99997904273","17,712.00040777055","17,916.99994537707"
"Clark","011","15-19","4","Female","14,564.00066833967","14,587.00003204887","14,624.99966233869","14,699.99983944695","14,867.00084958039","15,055.00076648065","15,283.9997853375","15,555.99997440803","15,755.00042367242","15,997.99994834883"
"Clark","011","15-19","4","Male","15,457.00072117993","15,437.00016347418","15,436.99979979476","15,473.99999911357","15,608.00107119678","15,767.00095569267","15,966.99989341476","16,210.00001733221","16,379.00043560539","16,591.99994813743"
"Clark","011","20-24","5","Female","12,205.00049659891","12,319.9991225878","12,448.99848293536","12,603.99837424703","12,837.99917727914","13,091.99924519656","13,381.99824433852","13,708.9986356726","13,973.9987223589","14,275.99989158583"
"Clark","011","20-24","5","Male","12,178.0005061106","12,362.99927825997","12,557.99869537328","12,780.99863738169","13,083.99950126012","13,404.99955622407","13,765.99855480747","14,163.99890610133","14,497.99906502086","14,872.99990751746"
"Clark","011","25-29","6","Female","13,448.00054980509","13,533.99898717176","13,636.99823245078","13,768.99805641904","13,986.99886503556","14,226.99891634806","14,505.99775210484","14,824.99818482712","15,076.99811735821","15,367.99986400626"
"Clark","011","25-29","6","Male","12,970.00052886609","13,150.99899502407","13,343.99825283479","13,565.99807275794","13,873.99888281829","14,199.99894063664","14,566.99776974302","14,974.99818782285","15,314.99813108419","15,696.99986474059"
"Clark","011","30-34","7","Female","14,526.00063399463","14,587.99943682976","14,667.9988137326","14,780.99878342416","14,986.99971106429","15,215.99968550894","15,485.99850792843","15,798.99880928385","16,039.99886390375","16,321.9998852127"
"Clark","011","30-34","7","Male","13,941.00059774788","14,108.99928261489","14,290.99859971033","14,503.99850423577","14,808.99938843119","15,134.99938579854","15,502.99819328251","15,913.99853729703","16,254.99855020806","16,636.99987490055"
"Clark","011","35-39","8","Female","14,963.00067964483","15,051.99982036853","15,156.99932813281","15,296.99940802854","15,533.0004458875","15,790.00037129669","16,094.99923450607","16,441.99949637674","16,712.999809623","17,028.9999247462"
"Clark","011","35-39","8","Male","14,728.00066141538","14,806.99969200903","14,902.99916383693","15,031.99922762434","15,257.00026030704","15,503.00022200339","15,792.99913339684","16,124.99941608703","16,385.99971598435","16,687.99993051423"
"Clark","011","40-44","18","Female","14,921.00069730414","14,984.00015105024","15,065.99977389401","15,182.99994674899","15,395.00097783434","15,629.00087768815","15,905.99981849923","16,225.99997425609","16,473.00039214799","16,763.99994365888"
"Clark","011","40-44","18","Male","15,076.00069724112","15,085.00002694855","15,112.99960876354","15,175.99975740124","15,335.00079212686","15,516.00069862652","15,740.99964670844","16,006.99982707964","16,201.00019834517","16,434.99994479496"
"Clark","011","45-49","10","Female","15,984.0007455208","15,849.00025668376","15,735.99992208182","15,663.00014918019","15,690.00123542541","15,739.00112354226","15,830.00012360826","15,965.00026565896","16,023.00077958712","16,123.99996577816"
"Clark","011","45-49","10","Male","15,468.00072482193","15,374.00024092695","15,299.99990050689","15,265.00010945837","15,328.00115913345","15,411.00105382672","15,539.00005214206","15,705.00019285488","15,800.00066110488","15,932.99995962675"
"Clark","011","50-54","11","Female","15,308.00070724073","15,192.00025908316","15,093.99998278582","15,035.00023891995","15,071.00129790067","15,130.00121533784","15,230.00027335818","15,371.00043660103","15,439.00101129799","15,546.99997632054"
"Clark","011","50-54","11","Male","15,132.00070722278","15,035.00032441447","14,954.00005591146","14,913.00030860297","14,967.00134601894","15,042.00125186792","15,160.00030742595","15,316.00042830857","15,401.00096358075","15,524.9999749343"
"Clark","011","55-59","12","Female","14,615.0006731774","14,649.00030875131","14,698.00007784738","14,783.00034266841","14,961.00137938495","15,161.00130544959","15,403.00034755922","15,686.00049496061","15,898.00108343486","16,151.99999285579"
"Clark","011","55-59","12","Male","13,504.00062532724","13,574.00031578532","13,657.00010988476","13,771.00037655342","13,974.00137638113","14,197.0013162248","14,459.00044681717","14,760.00056562106","14,994.00115491957","15,267.9999908261"
"Clark","011","5-9","2","Female","15,149.00069269585","15,057.99987150172","14,987.99941437481","14,952.99954663308","15,015.00057700778","15,097.00049806432","15,221.99945261214","15,386.99967387226","15,478.00000188281","15,612.99994188655"
"Clark","011","5-9","2","Male","15,990.00073006704","15,869.99984091509","15,769.99935382346","15,709.99949382037","15,751.00056867828","15,814.0004991058","15,920.99942519885","16,067.9996437104","16,142.99996767905","16,257.99993859773"
"Clark","011","60-64","13","Female","12,545.00056840293","12,734.00024188497","12,935.00005350536","13,163.00028111689","13,473.00121799029","13,804.00117584855","14,172.00030939142","14,582.00046688261","14,924.00104136311","15,307.99998060975"
"Clark","011","60-64","13","Male","11,712.00054292397","11,901.00036303381","12,101.00022387188","12,326.0004802066","12,628.00137123327","12,949.00131048986","13,306.00054366836","13,701.00065452782","14,033.00124927583","14,403.99999623697"
"Clark","011","65-69","14","Female","8,694.0003854214","9,236.00014844736","9,778.00003134487","10,337.00021501215","10,957.00097128778","11,593.00098129805","12,263.00023948759","12,972.00039341551","13,624.00092695663","14,315.99996679299"
"Clark","011","65-69","14","Male","8,194.00037460685","8,582.00026744162","8,973.00020705693","9,381.0004295519","9,844.00112370406","10,322.00110472774","10,830.00046919778","11,372.00056786846","11,863.00105922291","12,388.99998273119"
"Clark","011","70-74","15","Female","5,806.00024381097","6,396.9999893261","6,983.99990261291","7,580.00002796295","8,220.00060116914","8,871.00065408595","9,548.00008003302","10,258.00022795877","10,925.00068847908","11,623.9999375266"
"Clark","011","70-74","15","Male","5,388.00024113165","5,860.00015017911","6,327.00012481501","6,805.00030951482","7,320.00085675798","7,848.00090638126","8,398.00048262016","8,977.00059270177","9,518.00108832908","10,086.99998851791"
"Clark","011","75-79","16","Female","4,372.00017588944","4,672.99992378949","4,973.99985647075","5,282.99993765472","5,624.00031654586","5,970.0003584978","6,335.99993761902","6,723.00006419236","7,080.00035001077","7,456.99994498671"
"Clark","011","75-79","16","Male","3,544.00015114839","3,838.00004135067","4,130.00002044688","4,427.00012795676","4,753.00047512469","5,082.00050847767","5,430.00020719154","5,792.00028585896","6,133.00058485861","6,489.99998443073"
"Clark","011","80-84","17","Female","3,739.0001368279","3,804.99982024569","3,872.99976138743","3,948.9998076947","4,052.00007469611","4,157.00011170614","4,277.99978664306","4,406.99988773011","4,520.00004061031","4,642.99994124517"
"Clark","011","80-84","17","Male","2,565.000100604","2,661.99995270888","2,758.99993461409","2,860.99999847043","2,982.00021643825","3,106.00024356369","3,240.00004535804","3,381.00010181984","3,511.00026225723","3,648.99997837215"
"Clark","011","85+","18","Female","4,256.00013800536","4,283.99964550921","4,312.99957332447","4,355.99960824245","4,423.99989630718","4,499.99997506431","4,587.99959629043","4,687.99971403258","4,766.99987102757","4,857.99990259857"
"Clark","011","85+","18","Male","2,152.0000752761","2,206.9998831561","2,260.999859708","2,321.9998896887","2,397.0000478098","2,479.00007727042","2,560.9998796226","2,654.99993844252","2,736.00004926587","2,825.99996635655"
"Columbia","013","0-4","1","Female","100.9995606792","95.99981126395","96.02348679444","99.02445722247","97.0241769184","103.02568559404","91.06838307693","90.06769294543","89.06760460449","90.08888387115"
"Columbia","013","0-4","1","Male","114.99950802191","108.99971190396","107.02613567588","110.02716726701","104.02598797444","113.02834337472","97.07322010603","94.07104110162","92.07136058815","93.0948900013"
"Columbia","013","10-14","3","Female","130.9993971468","126.99982989954","124.03036851309","123.03039325724","118.02949051774","115.02881313641","113.08516408843","110.08288425042","107.08244999794","104.1048720491"
"Columbia","013","10-14","3","Male","115.99946687044","114.99988594905","113.02768385124","113.02791317264","111.02769525462","110.02748957519","109.08198823031","108.08114270693","107.08063456512","106.10627876319"
"Columbia","013","15-19","4","Female","111.9994751329","110.99984001955","109.02668765481","109.02692776667","108.02696186901","105.0262914924","106.07991174447","105.07912297224","105.07888992424","103.10143775156"
"Columbia","013","15-19","4","Male","117.99945499587","115.99986738433","115.0281739699","113.02792820697","109.02723892435","107.02683824859","108.08154086894","105.07939604065","103.07880337734","102.10210661701"
"Columbia","013","20-24","5","Female","81.99965375286","82.99986206018","83.02030885199","83.02051218486","83.02075303938","83.02088171925","84.06350183612","85.06447770662","85.06624483942","85.08767364978"
"Columbia","013","20-24","5","Male","75.99967096889","77.99987611636","80.01958447647","81.02001965648","83.02073247976","85.02131839512","88.06633336558","90.06812555156","92.07132494586","94.09413300725"
"Columbia","013","25-29","6","Female","87.9996215313","86.99982399592","86.02103603888","84.0207498903","83.02068757027","82.02041605997","81.06072694244","81.06070901399","79.05985345395","78.07891958633"
"Columbia","013","25-29","6","Male","93.99959757179","90.99988409256","90.02205099931","88.02175581512","85.02122756867","82.02052943742","80.06027328316","79.05981148176","76.0594357927","76.07854541296"
"Columbia","013","30-34","7","Female","73.99968516439","75.99982218733","77.01883269523","77.01903453938","80.02003608","81.02038752781","80.060745366","83.06330382197","83.06422790213","87.08368013505"
"Columbia","013","30-34","7","Male","91.99962376239","91.99985119348","90.02204693109","88.02176589918","87.02175093424","86.02147585957","86.06442416884","84.06284991778","83.0636919638","81.08213871835"
"Columbia","013","35-39","8","Female","103.9995176565","103.99980729288","103.02521333452","102.02520283154","102.02548685993","102.02545439718","100.07530821112","101.07606788182","100.07346475317","100.10092630823"
"Columbia","013","35-39","8","Male","88.99960430593","91.99980920192","92.02252387658","94.02322784558","94.02347176594","97.02426670688","99.07458530456","100.07539675939","101.07709716281","103.10807199252"
"Columbia","013","40-44","18","Female","104.99950766073","104.9998916549","104.02546888191","104.02568902331","103.02572167454","102.02553211956","102.07688560263","102.07692559674","102.0792878734","101.10389437663"
"Columbia","013","40-44","18","Male","123.99942265425","123.99984110931","123.03014165432","123.03041570644","123.03073440361","122.03045870502","122.09160406635","123.09191592713","123.09311296736","123.11502505099"
"Columbia","013","45-49","10","Female","165.9992464975","157.99993405678","151.03705388495","144.03561032818","136.03398267797","129.03229293089","121.09113902606","114.08604913032","107.08312436103","100.10367373035"
"Columbia","013","45-49","10","Male","157.9992783005","150.99991151402","141.03459557573","136.0336303577","127.03174911374","120.03008546426","112.08445502121","105.07931857592","98.07581701596","90.09207811968"
"Columbia","013","50-54","11","Female","151.99934337986","148.99979347972","145.03556002039","144.03561252562","140.03499880362","137.03434164588","135.10207324324","132.10062238101","130.1012266047","127.12872458535"
"Columbia","013","50-54","11","Male","153.99931599876","152.9998557021","150.03680522754","150.03710262217","147.03677934769","146.03672951754","144.10902197468","143.10839006801","141.10611965431","141.13628218806"
"Columbia","013","55-59","12","Female","170.99926292307","173.99983733373","173.04247678434","174.04306265876","174.04352792684","176.04417277381","176.13254607643","177.13390260257","180.14273108388","180.19210424881"
"Columbia","013","55-59","12","Male","170.99926875731","169.9997005777","169.0414482856","168.04155358924","166.04145898022","166.04156952767","164.12369954885","164.12454550071","163.12667762117","161.16283201398"
"Columbia","013","5-9","2","Female","96.99956337075","94.99976641426","92.02248723478","90.02222788425","87.02169610474","85.02119249824","82.06164627247","80.06017437652","78.05899864579","74.07357344753"
"Columbia","013","5-9","2","Male","99.9995475496","98.999774296","97.02371375928","96.02370836805","94.02346081969","94.02356150185","91.06886719243","91.06929706077","90.06969368042","88.08934146951"
"Columbia","013","60-64","13","Female","172.99925907515","174.99992347997","175.04298956589","176.04356710235","177.04430166381","179.0449287417","181.13643787166","182.13779087575","182.14280204022","184.19078441376"
"Columbia","013","60-64","13","Male","177.99923517688","178.00007745817","175.04303697521","173.04282863666","172.0430541066","171.04297262309","170.12818246352","169.12756625647","168.13070476325","167.17144849333"
"Columbia","013","65-69","14","Female","160.99929130624","163.99980894793","166.04073129811","170.04205052618","172.04293128034","175.04376657097","177.13305260555","180.13575578955","184.13946773969","186.18987359272"
"Columbia","013","65-69","14","Male","143.99938632113","146.99988900673","150.03682865319","153.03785573914","156.03898795147","159.03986833024","161.12155690325","164.12419039654","168.12589297955","171.17316060417"
"Columbia","013","70-74","15","Female","102.99954654781","108.99997923388","112.02752372012","115.02844631475","120.02993787939","124.03101194155","131.09842278017","134.10068578285","139.10220476524","142.13624808578"
"Columbia","013","70-74","15","Male","118.99947650057","123.00003757867","126.03101152748","128.03170601076","131.03275298101","135.03355657046","139.10299317703","142.10546591271","144.11279954933","147.15766616862"
"Columbia","013","75-79","16","Female","80.99964279926","83.99987602412","87.02135390347","88.02177394571","92.02297114327","94.02341970196","98.07332457675","101.07553503534","104.07498256396","107.10780852245"
"Columbia","013","75-79","16","Male","67.99969664664","71.99989579914","74.01815758171","78.01930312103","79.01976204076","84.02103525167","88.06628207083","90.06830632062","94.0750488603","96.10114770749"
"Columbia","013","80-84","17","Female","63.99973161115","63.99987267509","64.01567940828","64.01583015224","64.0160229152","62.01560113295","64.04836304637","63.04741326766","64.04752500257","64.06568895952"
"Columbia","013","80-84","17","Male","51.9997783332","54.99987661756","56.01371996012","58.01434813023","60.01501167639","62.01560612671","66.04986322819","67.05093744069","70.05464638296","71.07725626729"
"Columbia","013","85+","18","Female","90.99960203007","89.99986808614","87.02134801045","86.0212877697","84.02103759465","80.02009831314","84.06362782517","81.06124291559","81.059005127","78.06595981623"
"Columbia","013","85+","18","Male","53.99975899971","52.99990638974","56.01373442756","54.01333393119","54.01342115726","53.01300648661","57.04284883004","57.04194664033","54.99704684866","58.04587027626"
"Cowlitz","015","0-4","1","Female","3,289.99750455326","3,262.99922573619","3,242.99920454832","3,214.99927585448","3,200.99967561889","3,185.99908641307","3,172.99965029727","3,171.99992152247","3,173.99920884205","3,187.99907786658"
"Cowlitz","015","0-4","1","Male","3,273.99751337171","3,257.9992453629","3,246.99923436486","3,231.99930147299","3,224.99969668739","3,220.99908687123","3,217.99963613055","3,226.99988739953","3,238.99914933745","3,262.99902808071"
"Cowlitz","015","10-14","3","Female","3,400.99736836632","3,404.99950783523","3,408.99969543976","3,414.99979123132","3,428.00018406992","3,440.99951374945","3,458.00013097796","3,486.00033015133","3,521.99943224888","3,565.99906269599"
"Cowlitz","015","10-14","3","Male","3,592.99722514065","3,584.99944885916","3,578.99962112667","3,573.99971301263","3,576.0001194613","3,577.99941706962","3,585.00004573294","3,604.00025723701","3,629.9993383101","3,662.99900317851"
"Cowlitz","015","15-19","4","Female","3,500.99729504234","3,463.99948193137","3,428.99966241078","3,394.99974006312","3,366.00010381454","3,342.99941956941","3,319.99996841566","3,308.0001328016","3,302.99927799651","3,305.99903999353"
"Cowlitz","015","15-19","4","Male","3,655.99717374575","3,618.99947596053","3,581.99969085704","3,547.99979011137","3,519.00019114386","3,494.99950661304","3,473.00013302927","3,461.00033020918","3,456.9994434863","3,460.99908374627"
"Cowlitz","015","20-24","5","Female","2,862.99782317239","2,846.99935869089","2,833.99935630394","2,819.99939067789","2,809.99970780977","2,805.99915426428","2,801.99960625721","2,806.99981986047","2,816.99916728857","2,834.99911564411"
"Cowlitz","015","20-24","5","Male","2,819.99785691547","2,822.99937042463","2,826.99937951709","2,832.99941276176","2,843.99972881739","2,856.99916535688","2,870.99962934302","2,892.99984638185","2,923.99916765106","2,960.99908671723"
"Cowlitz","015","25-29","6","Female","2,864.99782102603","2,899.99935363584","2,936.99935083728","2,971.99939080842","3,014.9997346052","3,058.9991441416","3,102.99966669993","3,160.99991773383","3,223.99917981129","3,293.99904004701"
"Cowlitz","015","25-29","6","Male","2,836.99784314965","2,875.99936059308","2,916.99936528971","2,955.99939890185","3,000.99973176039","3,048.99913279892","3,098.99964542276","3,156.99988920699","3,226.9991460356","3,299.99901702602"
"Cowlitz","015","30-34","7","Female","2,980.99771268284","3,011.99944734484","3,042.99952530724","3,075.99957959646","3,113.99992243217","3,152.99929036921","3,195.99980827657","3,247.00000131696","3,306.99917987247","3,373.99899578455"
"Cowlitz","015","30-34","7","Male","2,974.99772798364","3,005.99939780483","3,036.99946028819","3,067.99952233706","3,105.9998845423","3,145.99928896374","3,186.99985999391","3,240.00011094469","3,298.99933355713","3,364.99908312691"
"Cowlitz","015","35-39","8","Female","3,078.99762418553","3,092.9995204231","3,107.99967881991","3,121.99976088314","3,143.0001207737","3,166.99950741963","3,193.0000836593","3,229.00028609453","3,271.99946217453","3,320.99912250359"
"Cowlitz","015","35-39","8","Male","3,060.99764292595","3,082.99949924308","3,104.999643864","3,128.99971874922","3,159.00007435536","3,189.9994520494","3,223.00002691219","3,266.00022902146","3,316.99940878284","3,376.99909125137"
"Cowlitz","015","40-44","18","Female","3,230.99749062377","3,212.99960297696","3,196.99984131473","3,179.99994475847","3,173.00031276428","3,166.99970327316","3,161.00030668327","3,166.00049643127","3,179.9996834571","3,198.99924479476"
"Cowlitz","015","40-44","18","Male","3,188.9975279945","3,180.999584776","3,175.99981128876","3,171.99990969917","3,173.00027756594","3,177.9996764509","3,185.00029717453","3,200.00050230922","3,222.99969109137","3,253.99923940031"
"Cowlitz","015","45-49","10","Female","3,604.9971962831","3,552.99959908654","3,500.99991105272","3,452.00004488878","3,410.00045865767","3,369.99983568261","3,334.00053067565","3,307.00074481225","3,287.9999100131","3,274.99933013612"
"Cowlitz","015","45-49","10","Male","3,631.9971822425","3,569.9995617474","3,509.99986000681","3,451.99999400314","3,400.00040722872","3,348.99978619131","3,303.00046222605","3,266.00066305543","3,237.99982812773","3,213.99929743136"
"Cowlitz","015","50-54","11","Female","3,889.99696931491","3,827.99961195133","3,767.99999194879","3,711.00014167322","3,659.00057911305","3,609.99990302202","3,565.00065949935","3,531.00087827101","3,504.99995968587","3,485.99929424783"
"Cowlitz","015","50-54","11","Male","3,946.99692498207","3,860.99960870915","3,778.99999198367","3,695.00013730088","3,620.0005585633","3,549.99987850031","3,481.00058450342","3,423.00076414529","3,372.99984691136","3,328.99927004102"
"Cowlitz","015","55-59","12","Female","3,697.99711132252","3,690.99969685288","3,685.00014190329","3,681.00031696806","3,682.00077456474","3,689.00011520605","3,695.00094016247","3,714.00117201679","3,742.00018624003","3,777.99932603126"
"Cowlitz","015","55-59","12","Male","3,643.99715602122","3,627.99967326994","3,614.00006470587","3,601.00020238104","3,594.00061783056","3,589.99993725956","3,589.00066971028","3,598.0008675754","3,617.99991074769","3,641.99923574075"
"Cowlitz","015","5-9","2","Female","3,389.99739937114","3,379.99936920281","3,369.99945660098","3,362.99953445588","3,359.99992750369","3,361.99927733944","3,364.9998680801","3,377.0001014959","3,399.99928617346","3,428.99904573233"
"Cowlitz","015","5-9","2","Male","3,369.99741721136","3,378.99935942019","3,391.99944156497","3,402.99952963072","3,421.99994810472","3,442.99930914625","3,465.99995507111","3,500.00022400734","3,542.9993903474","3,591.99906406338"
"Cowlitz","015","60-64","13","Female","3,471.99729069663","3,504.99969984687","3,538.00011779768","3,572.00026686539","3,613.00069925479","3,658.00003512932","3,703.00084378028","3,759.00109051525","3,828.00011309371","3,901.9992751946"
"Cowlitz","015","60-64","13","Male","3,340.99738309057","3,372.99975833711","3,406.00018161841","3,440.0003367679","3,478.0007596383","3,520.00012471667","3,564.00091018489","3,620.0011289403","3,684.00015807444","3,755.99931336291"
"Cowlitz","015","65-69","14","Female","2,615.9979595503","2,704.99978332517","2,792.0001423852","2,881.0002617603","2,974.0006038902","3,070.00002960627","3,167.00068139425","3,274.00087065176","3,389.99997337022","3,512.99925667421"
"Cowlitz","015","65-69","14","Male","2,556.99799828102","2,632.99982610427","2,709.00019620255","2,786.00032741335","2,867.00066982103","2,950.0001341278","3,033.00079167896","3,129.00096881114","3,231.00009819735","3,340.99934647026"
"Cowlitz","015","70-74","15","Female","1,857.99856101164","1,984.99980107636","2,111.00005907698","2,237.00014451791","2,367.00041948373","2,497.99996793955","2,630.00052043134","2,770.00071627199","2,917.99998157947","3,073.99936041227"
"Cowlitz","015","70-74","15","Male","1,759.9986245194","1,863.99987432438","1,968.00015090523","2,072.00025625082","2,178.0005285682","2,287.00013509125","2,397.00067948015","2,513.00085292769","2,637.00017502239","2,764.99950871207"
"Cowlitz","015","75-79","16","Female","1,469.99887231087","1,528.99980975203","1,590.00001393238","1,649.00007325115","1,711.00026801376","1,774.99993964051","1,838.0003173062","1,910.00045640903","1,985.99994412071","2,062.99953414551"
"Cowlitz","015","75-79","16","Male","1,257.99902119857","1,323.99989737102","1,389.00009734076","1,455.00016319082","1,523.00034129804","1,591.00005120572","1,660.00040447337","1,736.00052407417","1,815.00005458504","1,898.99962384943"
"Cowlitz","015","80-84","17","Female","1,231.99906378884","1,234.99979920999","1,235.99992887728","1,238.9999313249","1,243.00003574389","1,248.99975628417","1,255.99995263908","1,266.00003181215","1,280.99970559501","1,296.99959641621"
"Cowlitz","015","80-84","17","Male","884.99932049592","906.99989201867","928.00001338464","950.00003855316","972.00014022759","995.9999454646","1,020.00014935731","1,048.00022405455","1,078.99994954737","1,111.99974595591"
"Cowlitz","015","85+","18","Female","1,425.9989532589","1,403.99964179099","1,386.9997742362","1,365.99972035958","1,350.99979453829","1,335.99945989205","1,321.99961819089","1,309.99972846516","1,304.9994194935","1,298.99948241859"
"Cowlitz","015","85+","18","Male","742.9994441669","747.99985498713","753.99994285958","757.99993754856","766.00000174562","772.99983318725","783.99996616905","794.00003308948","805.99983915674","821.99976108952"
"Douglas","017","0-4","1","Female","1,369.00139258527","1,357.99538342605","1,345.02978836441","1,333.03069252598","1,320.03161928983","1,311.0315001271","1,305.06525893957","1,302.06454351537","1,297.06323824522","1,296.09242699669"
"Douglas","017","0-4","1","Male","1,434.00083193616","1,420.99597210206","1,404.0320950205","1,390.03262338927","1,375.03335963746","1,366.03293563494","1,356.06763647027","1,352.06683800109","1,345.06549415599","1,341.09558881581"
"Douglas","017","10-14","3","Female","1,415.9994946092","1,423.99737040656","1,437.03410328968","1,447.03445610193","1,456.03543379862","1,475.03552267369","1,493.07464775769","1,512.07527115588","1,531.07490983914","1,552.11110769601"
"Douglas","017","10-14","3","Male","1,539.9992451564","1,548.9974180402","1,561.03748522041","1,571.03780082877","1,582.03888008192","1,600.03866967919","1,621.08074191451","1,640.08103878671","1,661.08093256601","1,683.12010765704"
"Douglas","017","15-19","4","Female","1,390.99887855389","1,389.99826472611","1,392.03423334954","1,395.03411825871","1,397.03482181137","1,405.03411601574","1,415.07004898315","1,426.0696869122","1,434.06946850192","1,449.10302615912"
"Douglas","017","15-19","4","Male","1,503.99977600674","1,502.99683570654","1,505.03528716893","1,509.03567153237","1,511.03660724111","1,519.03652933874","1,529.07651439632","1,540.07674338079","1,551.0758986466","1,564.11194660785"
"Douglas","017","20-24","5","Female","1,051.00024747704","1,049.99730840957","1,049.02411063328","1,049.02456168473","1,051.02534524842","1,055.02536100189","1,063.05315987369","1,068.05303343194","1,076.05251315063","1,081.07716929925"
"Douglas","017","20-24","5","Male","1,141.00079693814","1,146.99630827033","1,154.02544545624","1,163.02645811492","1,170.02759234932","1,183.02824240844","1,198.06028317327","1,212.06087339999","1,226.06018977275","1,242.08905953922"
"Douglas","017","25-29","6","Female","1,150.9997337631","1,149.99771594431","1,151.02729636064","1,153.02758292807","1,154.02833138513","1,159.02803043087","1,168.05813195722","1,176.05791253563","1,183.05751242724","1,193.08492654692"
"Douglas","017","25-29","6","Male","1,209.00018343935","1,217.99686974006","1,226.02800869949","1,237.0287780332","1,245.02985890919","1,260.03023737528","1,277.06402097093","1,293.0645232918","1,309.06405176806","1,329.09501107442"
"Douglas","017","30-34","7","Female","1,192.99940871773","1,199.99813543784","1,211.0295094342","1,220.0297913435","1,230.03069034316","1,245.03028091766","1,261.06238946381","1,277.06221138011","1,296.0626494757","1,314.0931706327"
"Douglas","017","30-34","7","Male","1,150.99959891896","1,171.99778942897","1,191.0282989954","1,212.02896304947","1,233.03015840657","1,259.03038950429","1,286.06410204631","1,313.0649329544","1,342.06540496342","1,372.09790629841"
"Douglas","017","35-39","8","Female","1,182.99886115218","1,194.99882655578","1,208.03022894165","1,222.03029698099","1,236.03115307018","1,252.03052530348","1,273.0628778858","1,294.06294414708","1,313.06347219645","1,336.09479011494"
"Douglas","017","35-39","8","Male","1,158.9991645111","1,180.99842667293","1,205.02949513169","1,230.0300017496","1,252.0310830928","1,282.03107027657","1,313.06519618672","1,342.06598184113","1,373.06674884458","1,406.10020006963"
"Douglas","017","40-44","18","Female","1,167.99793545592","1,172.99988526875","1,181.03055049711","1,187.02988627248","1,194.03027919018","1,206.02940203003","1,220.06035084118","1,234.06034580437","1,247.06050303159","1,263.08989781804"
"Douglas","017","40-44","18","Male","1,149.9986728493","1,151.99909124371","1,157.02909693524","1,162.02881164383","1,166.02932926497","1,175.02860646817","1,187.05867677662","1,196.05831526674","1,208.05847352476","1,221.08673004635"
"Douglas","017","45-49","10","Female","1,289.99684804454","1,281.00086644634","1,274.03418819149","1,268.03272185342","1,261.03259261485","1,258.0308620445","1,259.06186892441","1,259.06087410904","1,261.06087548065","1,261.08948435011"
"Douglas","017","45-49","10","Male","1,300.99749213135","1,283.00010185898","1,264.03298275257","1,248.03166314395","1,232.03148600047","1,222.02989229456","1,212.05968051237","1,202.05822133388","1,193.05757266831","1,184.08388857351"
"Douglas","017","50-54","11","Female","1,339.99572758164","1,320.00217723877","1,303.03653474922","1,285.03420245946","1,268.03353945847","1,257.03106319401","1,247.06082626174","1,235.05898340018","1,226.05886402747","1,218.08613574963"
"Douglas","017","50-54","11","Male","1,344.99660664521","1,323.0011475844","1,306.03541687253","1,285.03347761462","1,267.03302102609","1,252.03081389051","1,242.06074960144","1,230.05893102144","1,219.05854520297","1,207.08527285823"
"Douglas","017","55-59","12","Female","1,274.99538383044","1,279.00282669156","1,285.03691167895","1,290.03493520747","1,296.03475141739","1,307.03244592929","1,321.0639779312","1,334.0629334288","1,347.06428236835","1,361.09592964383"
"Douglas","017","55-59","12","Male","1,238.99563816393","1,239.00256746197","1,242.03549504182","1,244.03355536028","1,247.03334940462","1,255.03113659312","1,264.06131173635","1,273.06014855673","1,283.06122696017","1,293.09101456083"
"Douglas","017","5-9","2","Female","1,413.99978028493","1,408.99718285799","1,404.03327134635","1,401.03350107701","1,396.03423506796","1,398.03379576357","1,402.06979131682","1,406.06930105215","1,411.06862493915","1,416.10085627144"
"Douglas","017","5-9","2","Male","1,418.00049264991","1,414.99640947214","1,416.03280547303","1,417.03348125321","1,417.03448894965","1,424.03434343882","1,434.07153188354","1,442.07133403662","1,450.07064371765","1,461.10420541903"
"Douglas","017","60-64","13","Female","1,089.99617585946","1,113.00226205438","1,136.03232225479","1,159.03113023608","1,182.03147557956","1,210.02997328686","1,240.0602675784","1,270.06029877451","1,300.06221400671","1,333.09406147421"
"Douglas","017","60-64","13","Male","1,065.99612019413","1,093.00241603081","1,120.03214550426","1,149.03107205186","1,176.03150428521","1,208.02998621188","1,242.0602153435","1,276.06028617114","1,311.06260118065","1,348.09496144808"
"Douglas","017","65-69","14","Female","877.99676740799","912.00226300027","948.02772798913","984.02709204736","1,019.02775096804","1,058.02641486823","1,100.05288420956","1,140.05304268587","1,182.05601587363","1,224.08585638192"
"Douglas","017","65-69","14","Male","868.9968162242","903.00213248231","937.02717767247","969.02644525642","1,004.02710709943","1,043.02594698532","1,083.05225905467","1,121.05258596157","1,161.05524754657","1,203.08463625624"
"Douglas","017","70-74","15","Female","650.99749603327","688.00176279254","725.02117766891","761.02090354418","797.02163289518","836.0208346611","877.0421526835","918.04282425187","959.04553978625","1,002.07040869057"
"Douglas","017","70-74","15","Male","639.9979959654","672.00112448959","706.01983997247","739.01976045092","772.02055446418","808.02003103486","844.04088398068","883.04164165603","919.0438152153","958.06740567339"
"Douglas","017","75-79","16","Female","520.99763255996","543.0017950849","564.01688343395","587.01634038153","610.01667980535","633.0157959321","660.0316527467","685.03185529018","710.03368705825","738.05189886425"
"Douglas","017","75-79","16","Male","486.99799213214","505.00156450994","526.0157595355","544.01522136487","562.01547461505","583.01459855233","605.02892624154","628.02900642436","651.03076259967","673.04713281581"
"Douglas","017","80-84","17","Female","402.99833389117","406.00125278033","410.01226208529","414.01156091056","418.01149856957","425.0106404813","430.02050368859","435.0199757607","442.02081862446","449.03138788666"
"Douglas","017","80-84","17","Male","297.99873367341","310.00095000685","323.00961958574","334.00929287782","345.00945451365","359.0089728439","374.01789456941","388.01794097708","402.01900583807","417.02922960898"
"Douglas","017","85+","18","Female","448.99795973126","446.00157871178","444.01346912189","444.01250914292","443.01221614492","444.01110080875","443.02104503497","444.02035967908","446.02102802508","450.03158060242"
"Douglas","017","85+","18","Male","246.99878489817","253.0010170659","257.00797555077","266.00763932551","272.0076440021","275.00693202521","287.01353904953","294.01325963462","303.01416778338","310.02158751279"
"Ferry","019","0-4","1","Female","188.97762098724","185.95960819618","185.9597542892","183.9580475432","181.9691426006","194.96077401693","181.09528492312","180.13526879015","177.15219284959","175.16269643661"
"Ferry","019","0-4","1","Male","198.97915267912","193.96288477052","186.96739116106","183.96652548813","176.97759182883","184.96836084906","167.09221410542","162.12039233576","156.13172315978","150.13694066424"
"Ferry","019","10-14","3","Female","226.99654705176","223.99079813066","223.00975917684","219.00140509332","217.99712500788","213.98340098367","212.11691514508","211.16051058793","207.19313909888","206.20520517141"
"Ferry","019","10-14","3","Male","202.99148107161","199.98378321981","198.00093988712","194.99929851579","192.00190331847","186.99862384882","185.11329764309","182.13098933812","179.14159312244","177.15790100271"
"Ferry","019","15-19","4","Female","220.99393438993","214.98807645682","208.001385048","201.99194956193","194.98945515608","188.97500739345","182.09674432638","177.13613457312","170.16295812286","163.16556578364"
"Ferry","019","15-19","4","Male","322.00750740528","310.02328955478","299.06082021319","287.05015358352","277.03844826121","263.02814092015","252.16464422963","242.17293021327","229.18288024177","218.20105226748"
"Ferry","019","20-24","5","Female","176.9869761278","170.98087603071","163.99007073292","159.98909686701","153.99458914983","146.99360045355","141.08530538978","135.09670191807","129.09710878104","124.10470481987"
"Ferry","019","20-24","5","Male","224.98944945295","216.99045391934","206.00417984824","199.00068447734","189.00228240187","179.99885250919","171.10411639451","161.11759801301","152.12562758558","144.13347193342"
"Ferry","019","25-29","6","Female","162.99233874863","158.98497303346","156.99568292847","152.99305388232","149.99537923014","144.99222242516","141.08285158885","138.10129430831","134.11173708895","132.12219257946"
"Ferry","019","25-29","6","Male","171.98959732315","166.98074052221","162.99034805347","158.98835822522","154.99156827964","149.98753137967","146.08316832395","142.10543179041","138.11729741584","134.12481247779"
"Ferry","019","30-34","7","Female","149.99514353522","152.98994280561","156.00396595711","159.00208181877","160.00267558664","163.99721006018","167.0999314521","170.12449090704","172.14454922986","175.16416701411"
"Ferry","019","30-34","7","Male","166.98731210123","167.9771946051","169.98707615697","171.98761398967","173.9956458058","174.99615835106","176.10889197029","178.12651738927","179.13127815657","182.15455697321"
"Ferry","019","35-39","8","Female","161.99634180899","160.99262376222","161.00839466073","159.00538855601","159.00544142163","157.0009135055","158.09652301453","158.11429728514","156.12614096268","156.14096880732"
"Ferry","019","35-39","8","Male","177.99824532556","176.99595222307","175.01597360541","175.01370876275","174.01215572559","172.00736476551","171.10655640555","170.12251089767","169.13735843575","168.15458946159"
"Ferry","019","40-44","18","Female","220.99597085665","219.99122406633","221.0132200236","220.01049065919","219.01071677885","217.00606645771","217.13613577668","217.1544745205","216.16509356641","217.18934814211"
"Ferry","019","40-44","18","Male","179.99970794742","182.99911935611","187.02382767658","188.02421877803","191.02430619288","192.02296459179","195.13140852855","197.1363789728","201.1413368548","203.17035537313"
"Ferry","019","45-49","10","Female","276.00353402582","266.0072097272","258.04978315964","250.05354162862","239.05158703255","230.05479849997","221.16336220824","212.13965486663","203.12153138156","192.14784978421"
"Ferry","019","45-49","10","Male","261.99636247838","253.99201602207","246.0190841014","239.0162436831","231.01533036899","223.01241381374","216.13846044518","207.14686515323","201.15152415939","192.16625362964"
"Ferry","019","50-54","11","Female","319.00271787577","308.00289705651","296.04312007972","286.04029863009","275.0359487511","262.03280629659","251.16813276426","240.16717077018","228.16657574376","218.18795229122"
"Ferry","019","50-54","11","Male","294.99918872797","281.99938885895","270.03852365257","257.04048686957","246.0399125106","232.04284310982","218.15545114012","207.13893362436","193.12323706237","183.14657556069"
"Ferry","019","55-59","12","Female","371.02385979447","364.03926136926","354.10751075829","346.10462555633","337.08880286043","329.08641424982","320.23431114046","311.20883473392","302.20024153281","294.24430613563"
"Ferry","019","55-59","12","Male","388.01227794515","376.01923278566","363.07907195253","352.07724955486","338.06792626069","324.06644302182","312.22176535513","299.20200423343","287.19238765507","274.22547978808"
"Ferry","019","5-9","2","Female","155.98679047367","159.97527275493","161.98188318653","166.98079597216","168.98712466401","170.98436904851","175.10082082288","177.12919107823","182.1471668841","184.16454536878"
"Ferry","019","5-9","2","Male","219.98497861252","220.97105967575","221.98258570639","222.97900154478","223.9847553939","222.97863922137","225.1270329682","226.16733337213","226.19290617973","228.21269095557"
"Ferry","019","60-64","13","Female","304.01464213781","306.02500112939","306.08273145412","308.08587950628","307.07812708236","307.08138411552","310.23057868297","309.20432394473","311.19298186619","311.24701911573"
"Ferry","019","60-64","13","Male","376.02501314427","374.04469181224","372.12637610016","369.13319271988","367.1233183069","364.1339040358","361.28802924548","359.2292226563","356.19226991467","355.26398092528"
"Ferry","019","65-69","14","Female","265.01542935006","277.03010631769","288.09677025924","300.11177206232","312.11199828699","322.13244319091","334.2762937536","346.21250916432","356.16598772045","369.25466904011"
"Ferry","019","65-69","14","Male","258.01574743943","271.02980913897","286.09575393113","300.11094972483","312.11164093642","326.1341298484","339.28152050591","352.21900522884","365.17466839985","380.26711175843"
"Ferry","019","70-74","15","Female","167.00361924585","179.00808814598","192.04557693148","205.05570240211","217.06077990188","228.07492569796","242.19283629401","254.16201403566","266.13614570131","280.20082159953"
"Ferry","019","70-74","15","Male","210.01379079709","221.02723533431","231.08195762195","243.09342844987","253.09153631119","264.10648810315","276.22570588021","286.1797653969","296.15217153631","308.22421865245"
"Ferry","019","75-79","16","Female","104.00479204412","112.01001139806","118.03685988384","125.04524092825","131.04767412828","137.05969232243","146.12520364787","152.09131854459","159.06493130816","165.10731475178"
"Ferry","019","75-79","16","Male","136.00572901882","143.01029669783","150.03931040857","155.04388013291","161.04431527373","167.05178312241","175.1358553589","181.11666902482","186.10302720644","193.14439686859"
"Ferry","019","80-84","17","Female","69.9983395481","70.99687088804","73.0055075926","74.00629577544","76.00701924893","75.00664481926","77.0508517643","79.05469431786","80.0560411841","82.06919240913"
"Ferry","019","80-84","17","Male","65.00300937536","71.00608547641","76.02265079647","82.02837240548","88.03086020094","93.03909690874","101.08520700779","106.06462254748","113.04869316266","117.07851500439"
"Ferry","019","85+","18","Female","104.00339330865","103.00461649261","101.02037145833","101.01944201739","101.01693691631","93.01166329479","95.06350916856","95.06420748768","95.06344883827","93.07635304736"
"Ferry","019","85+","18","Male","49.00145784023","49.99930827359","50.99878154288","50.99252462607","52.98897882083","50.9769247677","58.01908262781","60.05173798561","60.07704789469","61.07322442843"
"Franklin","021","0-4","1","Female","4,045.95655454934","4,054.91847820983","4,039.9273661523","4,014.00361645383","4,016.03027314613","3,940.05920985162","3,902.11156869241","3,869.11382403927","3,885.14581542219","3,878.15352369282"
"Franklin","021","0-4","1","Male","4,250.96144143396","4,248.93783719946","4,224.94851543148","4,189.0235532363","4,182.04424019852","4,090.06787049207","4,040.11952398642","3,998.12065170019","4,003.15548272708","3,986.16304830112"
"Franklin","021","10-14","3","Female","3,339.97438618705","3,463.95811119911","3,571.95466330191","3,670.01570335487","3,794.03473320148","3,838.05875981915","3,922.11343635764","4,010.11857490518","4,145.15296762277","4,260.16424053017"
"Franklin","021","10-14","3","Male","3,571.96906606992","3,700.94546055493","3,815.94285358013","3,920.00996276009","4,049.0324694976","4,095.06028109834","4,184.11961562838","4,276.12521025625","4,419.16151288913","4,539.17431641392"
"Franklin","021","15-19","4","Female","2,995.97090836364","3,112.94571248197","3,215.94619787058","3,310.0074267942","3,425.02709313554","3,470.05179524299","3,551.10175031916","3,636.10734317078","3,762.13957680877","3,870.15052257738"
"Franklin","021","15-19","4","Male","3,217.96608940795","3,333.93537836198","3,435.93739318158","3,529.00301950493","3,643.02685424035","3,683.0540570985","3,763.10732189878","3,845.1130694782","3,972.14717036552","4,079.15826945644"
"Franklin","021","20-24","5","Female","2,658.97580868081","2,714.95848295887","2,758.95797194685","2,794.00509630766","2,847.02186664212","2,845.04089381543","2,871.08137485643","2,899.08417450833","2,962.10650241875","3,010.1144145062"
"Franklin","021","20-24","5","Male","2,985.98196166783","3,072.99814949433","3,146.99693785562","3,211.04320041453","3,297.05285643648","3,314.06461073695","3,368.10715491015","3,424.1094749023","3,521.14366058925","3,599.14715781036"
"Franklin","021","25-29","6","Female","3,065.98908405601","3,091.00478103003","3,103.00186647406","3,108.04306328125","3,130.04830981179","3,090.05580424699","3,083.09475024332","3,080.09440764522","3,113.11995208766","3,130.12284664767"
"Franklin","021","25-29","6","Male","3,415.99904559496","3,462.06487342138","3,495.06243446705","3,519.09738526201","3,563.09245995291","3,534.08706575467","3,545.1259659128","3,561.12346452616","3,617.16438559614","3,653.15867226171"
"Franklin","021","30-34","7","Female","2,922.99372341597","2,987.01837697501","3,038.01727630797","3,080.05890132428","3,142.06431396911","3,140.0664064846","3,172.10373395169","3,206.10334970625","3,278.1360265295","3,333.13580395896"
"Franklin","021","30-34","7","Male","3,264.0064828902","3,340.09340476484","3,402.09685464878","3,454.12843696996","3,528.11796297356","3,530.10160503459","3,571.13754861475","3,614.13407974438","3,699.18418922225","3,766.17211565586"
"Franklin","021","35-39","8","Female","2,639.99100478957","2,735.00652730924","2,819.00573756908","2,897.04654947407","2,990.05279846378","3,024.06034424068","3,089.10010783737","3,157.10172528694","3,262.13661070669","3,350.13823845284"
"Franklin","021","35-39","8","Male","2,824.01184179957","2,943.10167338507","3,049.10440233695","3,147.12808997135","3,265.1143020269","3,315.09734544311","3,401.13255039981","3,488.13010182519","3,619.1810752787","3,729.17131238021"
"Franklin","021","40-44","18","Female","2,140.99371666689","2,256.00799359337","2,361.00709857331","2,458.04196636116","2,573.04718982856","2,633.0532953941","2,723.08802236208","2,812.09036131481","2,935.12107975268","3,044.1243420762"
"Franklin","021","40-44","18","Male","2,542.00600595986","2,640.07685693284","2,727.08000302147","2,808.10597014817","2,905.09739070715","2,942.08527403101","3,012.11701802368","3,083.11501690854","3,189.15973933281","3,282.15088013169"
"Franklin","021","45-49","10","Female","2,072.00790775068","2,142.04767311035","2,203.03960499598","2,258.05834234104","2,328.0517562494","2,348.05040140872","2,395.07749330602","2,443.07710011539","2,521.10334194418","2,586.10453610358"
"Franklin","021","45-49","10","Male","2,206.01663892611","2,283.10066115482","2,355.10081362097","2,418.11533638585","2,494.09873599292","2,521.08013086931","2,575.10417152023","2,629.10093421463","2,717.14069454724","2,789.13135439375"
"Franklin","021","50-54","11","Female","1,967.01769421482","2,005.07594767134","2,036.06578337817","2,062.0773579894","2,099.06406515871","2,093.0536271746","2,111.07462375337","2,131.07194827528","2,175.09395362439","2,208.09176608108"
"Franklin","021","50-54","11","Male","2,111.02181147358","2,165.10610764883","2,210.1004376286","2,249.10952584742","2,302.09068107336","2,307.07192705736","2,338.09271373911","2,369.08879146709","2,431.12103151796","2,478.11256967894"
"Franklin","021","55-59","12","Female","1,754.02500152808","1,814.09666297523","1,868.08637649761","1,917.09218371586","1,975.07454535408","1,994.05864361801","2,035.07699828477","2,077.07381323944","2,145.09889695581","2,199.0946242046"
"Franklin","021","55-59","12","Male","1,980.02743279994","2,029.1170264799","2,069.10989868899","2,103.11432638133","2,150.09155950977","2,153.06996882696","2,179.08764308423","2,207.08316408856","2,262.11274321789","2,305.10467156152"
"Franklin","021","5-9","2","Female","3,763.9662627286","3,837.94045647208","3,893.93928529063","3,943.00458955247","4,013.02965297261","4,002.05714053362","4,035.11452093248","4,071.1187454561","4,155.15248114615","4,217.16181017655"
"Franklin","021","5-9","2","Male","3,934.97042615281","3,989.95669886025","4,028.95610797594","4,057.02353620394","4,109.04263626435","4,076.06488457606","4,091.12061578653","4,108.12319597065","4,174.15794770339","4,219.16433353504"
"Franklin","021","60-64","13","Female","1,359.02117612778","1,440.08408551492","1,516.07915244061","1,589.08545090617","1,671.07164241019","1,716.05658187931","1,782.07172521603","1,849.06965997582","1,936.09772750069","2,014.09162736546"
"Franklin","021","60-64","13","Male","1,435.02229360898","1,509.09438186677","1,576.091854159","1,639.09705087593","1,713.0808692028","1,750.06211094829","1,807.07630882449","1,864.07322302772","1,944.1031128175","2,014.0947230527"
"Franklin","021","65-69","14","Female","974.01789526139","1,056.07303958758","1,135.07261461662","1,211.07783912356","1,295.06576214149","1,350.05039519662","1,419.06141889937","1,491.0595685332","1,580.08545803278","1,660.07865692881"
"Franklin","021","65-69","14","Male","974.01720889065","1,070.07409871517","1,160.07469870812","1,247.08058315843","1,343.06867925763","1,411.05312841021","1,493.06571074839","1,576.06408612024","1,676.09302160501","1,770.08574940911"
"Franklin","021","70-74","15","Female","667.01033245807","737.05080662952","806.07086456155","871.10861458878","943.0866708866","994.06374428942","1,056.04469280039","1,117.04395945627","1,192.06342927264","1,261.05930833494"
"Franklin","021","70-74","15","Male","675.01205904559","738.0510141609","801.05218976665","861.05681617251","926.04832032504","972.03749465734","1,027.04516342901","1,083.04383777445","1,151.06365342976","1,215.05845565261"
"Franklin","021","75-79","16","Female","530.00897086837","563.03678523618","594.03680818413","623.03968749217","657.03342788096","675.02558137816","703.03004590608","731.028873269","766.04082028951","798.03719252552"
"Franklin","021","75-79","16","Male","463.00918089591","496.03749442856","527.03776044395","558.03972138796","591.03311210024","612.02473911111","640.0292704671","669.02803103917","705.0406660216","736.0363374536"
"Franklin","021","80-84","17","Female","450.0073014563","454.02797664918","457.02572318496","460.02664202019","466.02119307729","461.01591103597","461.01878005425","462.01750577701","467.02357822333","472.02143982161"
"Franklin","021","80-84","17","Male","330.00624399615","347.02481493203","363.02446131255","378.02538561576","395.02068078914","406.01550972848","418.01829098915","431.01754780294","451.02480387297","466.02245859667"
"Franklin","021","85+","18","Female","368.0049200725","384.02032642525","396.01943870677","407.02172570307","422.01858812215","428.01500474393","442.01781866008","451.01711805746","468.02403755103","481.02219504367"
"Franklin","021","85+","18","Male","265.0031202102","274.01384358114","283.01355314388","290.01534289851","301.01330701106","299.01045576226","308.01254960665","316.01206639628","325.01685337097","334.01548519944"
"Garfield","023","0-4","1","Female","46.99974760707","48.99928409409","45.99998026781","49.04289254747","52.04517978","49.04347135374","56.0504406279","55.0532453346","53.10473281122","60.11195478634"
"Garfield","023","0-4","1","Male","49.00090521433","49.99801805817","48.0004941281","53.04726923557","54.04891034266","53.04802034062","58.05327678979","58.05706026062","56.11496939822","65.11874328703"
"Garfield","023","10-14","3","Female","74.00229820575","73.00224403932","71.99957396508","72.06346941022","71.06342353057","68.05867422849","71.05342696089","71.02717036383","71.04316634178","69.10914796667"
"Garfield","023","10-14","3","Male","85.0021986734","83.00286706714","81.99962607591","79.06980063858","77.06908375981","71.06384736305","73.0666888692","71.06762292561","70.13491246797","68.12236955521"
"Garfield","023","15-19","4","Female","67.00113704159","66.00151489647","65.99998980896","64.05619731917","63.0543752787","62.05244726031","62.04849267381","60.04561499519","60.09624066108","59.07354086685"
"Garfield","023","15-19","4","Male","81.00144592398","78.00133439513","76.00037532164","72.06422891299","70.06341867415","67.0589576474","65.05597516824","63.05026520629","60.08883675862","57.09180303214"
"Garfield","023","20-24","5","Female","31.9997959237","31.99950366476","32.0001857088","31.02763733948","31.02805826391","32.02821859914","32.02752408282","32.02580502766","31.05162685445","31.0460171766"
"Garfield","023","20-24","5","Male","43.00051670146","43.000672553","45.00006318347","45.03997277308","46.04153312255","49.04359329012","47.04319160259","48.04612982779","49.09559862962","50.0501283985"
"Garfield","023","25-29","6","Female","46.99996470562","46.99919273765","46.99982162524","45.03831957414","46.03618159951","48.03568261017","47.02920467235","47.02544012723","46.06956326743","45.0412306314"
"Garfield","023","25-29","6","Male","42.00008867547","42.00026325021","44.99983021738","46.04008974274","46.0396365143","49.04212584391","48.04054665587","49.04229944016","50.09277079931","53.08171268531"
"Garfield","023","30-34","7","Female","52.00056492288","53.00031238855","54.000045226","55.04796530104","56.0467861795","58.0493123636","58.04335760495","59.04496569311","60.12390976582","63.11454452457"
"Garfield","023","30-34","7","Male","52.9999533387","51.9994573913","51.00002395106","51.04491660241","51.04509030181","50.04378063823","49.04166874366","48.04106735414","49.09013765266","47.07959846667"
"Garfield","023","35-39","8","Female","51.99964780443","52.99864546606","52.00036131007","54.04830888742","54.04936377301","56.05089568063","54.04958523792","55.05240326204","57.1066540639","56.10031959084"
"Garfield","023","35-39","8","Male","64.00230257166","62.99946941334","61.00034859089","59.05222396347","58.05122717958","57.05112303882","54.04751455811","55.04908435314","54.09836765905","51.09834413218"
"Garfield","023","40-44","18","Female","63.99972067007","64.00013997354","64.99941596727","63.0537383479","63.05089563965","65.05367674115","64.04705517372","62.04339592898","63.10884257193","64.10554361283"
"Garfield","023","40-44","18","Male","43.0002447998","46.99952393254","49.00038636931","52.0469466987","53.04959367928","58.05432607623","62.06188853648","63.07577684932","67.13483325014","69.12509149357"
"Garfield","023","45-49","10","Female","83.99905269555","81.99898738358","76.99950260163","75.06545937306","72.06300089034","71.0632428009","67.06387789666","63.07939444521","62.14243884416","56.17965920891"
"Garfield","023","45-49","10","Male","80.99995616058","81.00023613106","76.999810154","77.0678783542","75.06674426898","76.06726444251","73.06135835139","71.0542904613","71.10818595024","68.12651206208"
"Garfield","023","50-54","11","Female","85.99910713035","83.99894175114","80.99991438534","79.06979263631","77.06860518971","77.06754688245","74.06361971995","70.06005364649","70.1274187529","65.10626771806"
"Garfield","023","50-54","11","Male","96.99865906313","92.99867680587","88.00028644813","85.07582856105","81.07348314748","78.06932404557","73.0654158343","69.0615567228","66.12214947716","61.09131579658"
"Garfield","023","55-59","12","Female","113.9999048003","112.00038924878","108.99994040794","107.09452554889","103.09163538593","103.09031016795","98.08512282691","97.08112546522","95.15966405201","92.1598992726"
"Garfield","023","55-59","12","Male","106.99916277409","104.99873380926","100.00029918948","98.08690534592","94.08412198939","92.08259207907","87.07955965537","83.08205835039","82.16874422908","77.13369412977"
"Garfield","023","5-9","2","Female","55.00109880747","57.00095816265","59.00051437806","61.05503016608","61.05625117747","60.05426047543","66.05899703789","67.05798305735","68.11382022043","71.12347626055"
"Garfield","023","5-9","2","Male","52.00149214971","56.00203833739","57.99971856464","61.05388568829","63.05664509768","61.05796058336","68.07035160112","71.08959444863","74.17570022114","77.12747645147"
"Garfield","023","60-64","13","Female","95.00104646763","92.99997650179","93.00045133552","93.08306830252","91.08295627225","93.08442667236","92.08851924912","90.10827216031","89.19042309152","90.24706856786"
"Garfield","023","60-64","13","Male","93.99979588606","94.99913118602","97.00047342627","97.08711310716","97.08990974235","101.09175191043","100.0912782996","102.09180327039","103.18459198421","105.18485978698"
"Garfield","023","65-69","14","Female","56.9997507787","61.99962488581","67.99993061474","74.06570430547","78.07066158107","86.07484792796","90.07997544734","97.08302841273","102.16037440712","109.21507567375"
"Garfield","023","65-69","14","Male","70.00072575345","73.0013011892","75.99990687647","80.07084103117","83.07398299208","88.07727798131","89.07765443852","93.07982083308","96.17490547142","100.18490462961"
"Garfield","023","70-74","15","Female","53.00054718048","54.00063024217","57.00007970733","59.05270669647","60.05461717773","64.0565668754","64.05489810142","66.05322354042","69.11152802401","71.13193916336"
"Garfield","023","70-74","15","Male","41.00014984364","44.99976856203","50.00005820847","51.04577221199","55.05105252337","61.05464633774","65.05921835924","68.05893447642","70.1214888223","75.13827473883"
"Garfield","023","75-79","16","Female","54.999465552","53.99995570637","52.9993777144","53.04537961033","52.04284081526","52.0407656215","49.03288390427","49.01861940226","49.04924332483","48.06787130909"
"Garfield","023","75-79","16","Male","45.9993699103","45.99919935582","49.99998574998","51.04519008844","52.04673177347","55.04779222793","55.04552728909","58.04402935633","59.10175834066","63.09715909853"
"Garfield","023","80-84","17","Female","50.999624609","49.00062057961","47.99953081072","45.03934567842","43.03794212617","43.03732095319","40.03420544746","38.03064949129","36.06118628056","34.0560673468"
"Garfield","023","80-84","17","Male","36.999962903","36.00048667617","35.99935864545","34.0288414325","34.02824739379","34.02769589681","33.02485505696","32.01965468975","31.03718936286","30.04463527281"
"Garfield","023","85+","18","Female","63.00000258067","61.00185902746","57.99942869986","53.04664447352","53.04705756771","51.04303006685","43.03310766319","43.02631759155","38.06224055883","35.05620992593"
"Garfield","023","85+","18","Male","32.9995921707","33.00004113327","33.99991035993","35.03111009841","35.03175527426","40.03522297599","38.03273585783","38.03224322769","39.06778563347","40.05554338195"
"Grant","025","0-4","1","Female","3,949.05659158688","3,881.96004427824","3,819.93703471661","3,763.947631391","3,701.95528673026","3,647.98463797135","3,590.01467510605","3,541.02394924225","3,525.0145987768","3,496.00744403698"
"Grant","025","0-4","1","Male","4,126.05373169301","4,055.96282606066","3,989.94180063444","3,933.95240536056","3,868.95998146902","3,815.98649172189","3,756.01251494596","3,704.02028888742","3,690.01185959289","3,659.00579215217"
"Grant","025","10-14","3","Female","3,590.02890139893","3,626.98045299848","3,662.96562019398","3,704.96910294218","3,742.97040829058","3,788.98822214167","3,827.01240417072","3,873.02281928996","3,961.01586032377","4,033.00907542745"
"Grant","025","10-14","3","Male","3,760.03229438816","3,794.97821177578","3,827.96333920917","3,867.96813460485","3,904.97054902628","3,949.98869819355","3,987.01130236512","4,031.02065929018","4,119.01392797876","4,192.00778886959"
"Grant","025","15-19","4","Female","3,394.02392453833","3,401.98488337829","3,411.97502039052","3,425.97901951545","3,435.98063520557","3,453.99236485735","3,466.00730482677","3,483.01346660756","3,540.00901966425","3,581.0050090395"
"Grant","025","15-19","4","Male","3,799.0288458663","3,787.98084380312","3,774.96804808226","3,769.97285039675","3,761.97517386053","3,759.99035604353","3,753.00951858219","3,751.01749685253","3,793.0120843081","3,816.00665840487"
"Grant","025","20-24","5","Female","2,763.02640986949","2,752.98187800899","2,740.97019414311","2,733.97492476722","2,726.97795169846","2,722.99201674085","2,716.0072934071","2,711.01268189986","2,739.00813001176","2,753.00420046939"
"Grant","025","20-24","5","Male","3,338.04141432597","3,330.96962071228","3,319.95007002296","3,314.95582873115","3,308.96015674687","3,308.98523406422","3,302.01501442716","3,302.02654018153","3,339.01829420264","3,361.0103174302"
"Grant","025","25-29","6","Female","2,830.02896677099","2,840.98086172948","2,851.96990301718","2,867.97573202154","2,880.97949705331","2,899.99307048551","2,913.00601679603","2,932.00971245178","2,984.00539949487","3,022.00238251163"
"Grant","025","25-29","6","Male","3,178.0380473688","3,212.97262471321","3,243.95458208627","3,280.96013275055","3,317.96217663931","3,357.9857815432","3,394.01459689942","3,432.02630748843","3,513.0181883305","3,577.01027040133"
"Grant","025","30-34","7","Female","2,826.02416430499","2,854.98442223179","2,882.97434015856","2,914.9786937786","2,944.98121520266","2,980.9931221655","3,011.00621648657","3,045.01036131809","3,115.00611191832","3,173.00271547804"
"Grant","025","30-34","7","Male","2,855.03226910806","2,916.97730857515","2,978.96190379659","3,042.9663875239","3,106.96914888624","3,174.98850389668","3,238.01163978564","3,306.02055309931","3,410.01378446172","3,502.00750167223"
"Grant","025","35-39","8","Female","2,711.01859689564","2,730.98912671092","2,748.98280448347","2,771.98617298539","2,791.9880490239","2,816.9955047518","2,838.00397690914","2,864.00714982022","2,922.00393872109","2,967.00186415242"
"Grant","025","35-39","8","Male","2,781.0240271369","2,829.98485765219","2,876.97685612698","2,927.98222231811","2,976.98504822537","3,032.99471661224","3,082.00419568239","3,135.00700212862","3,226.0038167871","3,302.00141935572"
"Grant","025","40-44","18","Female","2,487.99933660018","2,524.00411039892","2,558.00530793969","2,595.00485215071","2,631.00322282808","2,673.00029926231","2,707.99925996027","2,748.00018457444","2,820.99996484319","2,880.00005648717"
"Grant","025","40-44","18","Male","2,692.01063261212","2,703.99500482732","2,714.99117998669","2,729.99305872984","2,742.99344478762","2,760.99718047013","2,775.00215532716","2,792.00451284923","2,840.00271628639","2,877.00131098026"
"Grant","025","45-49","10","Female","2,650.98634416003","2,639.01440125059","2,626.02173918839","2,617.01897656698","2,608.01579120394","2,599.00448428184","2,589.99496311139","2,584.99301622557","2,606.99518770352","2,620.99732370886"
"Grant","025","45-49","10","Male","2,777.99386331997","2,767.00847706178","2,755.01242686843","2,748.01147671308","2,739.00918861944","2,735.00230779279","2,725.99694286404","2,722.99614397734","2,748.99730036425","2,763.99834389171"
"Grant","025","50-54","11","Female","2,647.97390891857","2,628.02426222864","2,609.03772788696","2,593.03329788016","2,575.02831687236","2,564.00881493116","2,545.99001507155","2,532.98480195457","2,549.98966772917","2,554.99402722487"
"Grant","025","50-54","11","Male","2,747.98125169284","2,734.0179595629","2,719.02690192506","2,710.0232737426","2,698.01913143852","2,691.00554315409","2,679.99377341676","2,672.99123535649","2,695.99423650671","2,706.99669736537"
"Grant","025","55-59","12","Female","2,430.96557616036","2,453.03078787296","2,473.04852434147","2,499.04306850914","2,522.03736021037","2,550.01209947505","2,571.98638649371","2,599.97869426882","2,657.9855002938","2,701.99168400807"
"Grant","025","55-59","12","Male","2,503.97172768667","2,536.02602439821","2,569.04147397044","2,603.03735034139","2,638.03246705444","2,675.01045082657","2,708.98800428674","2,746.98133857029","2,814.98726706115","2,872.99250664844"
"Grant","025","5-9","2","Female","3,688.04045469106","3,712.97169503952","3,736.95305340259","3,765.95925080478","3,791.96297442958","3,824.98629859338","3,853.01386236076","3,885.02436663076","3,963.01595191916","4,024.00869858993"
"Grant","025","5-9","2","Male","3,733.04126912149","3,743.97210014454","3,755.95513778351","3,771.96242528223","3,784.9668182367","3,804.98804875521","3,820.01148158602","3,840.01978220325","3,904.01243260675","3,951.00652565992"
"Grant","025","60-64","13","Female","2,192.96376192853","2,235.03169927453","2,277.05098418879","2,322.04604621977","2,365.04057613471","2,412.01339479086","2,455.9848237652","2,502.97577187825","2,577.98325873951","2,642.99020624219"
"Grant","025","60-64","13","Male","2,134.9652478852","2,187.03058043918","2,241.04888274122","2,295.04378771056","2,350.03844874224","2,405.01256951183","2,458.98568745204","2,514.97726776198","2,601.98433074845","2,676.9907474368"
"Grant","025","65-69","14","Female","1,703.97101909552","1,762.02586190875","1,818.04293288543","1,878.03973023484","1,935.03619261209","1,996.01232456989","2,051.98557097057","2,112.97644833661","2,198.98342258941","2,274.99011734234"
"Grant","025","65-69","14","Male","1,764.97005995336","1,824.02657973521","1,885.04405825921","1,945.04090716718","2,006.03737779914","2,068.01276357167","2,128.98495285537","2,190.97517429007","2,278.98246625989","2,358.98949542042"
"Grant","025","70-74","15","Female","1,213.97926088831","1,290.01934571705","1,365.03361798102","1,441.03258483156","1,516.03078300826","1,593.01095156133","1,667.98669872606","1,743.97745647157","1,841.9837056792","1,931.98992548895"
"Grant","025","70-74","15","Male","1,168.98079401099","1,234.01774898275","1,300.03056070501","1,368.0291256512","1,434.0271656904","1,502.00958364101","1,565.98842042443","1,632.98066332513","1,719.98605323876","1,799.99142364041"
"Grant","025","75-79","16","Female","1,028.98057060466","1,061.01697725508","1,095.02896966304","1,128.02732731512","1,161.02527753498","1,195.00881031525","1,227.98935515739","1,261.98238161724","1,311.98758572252","1,355.99244526605"
"Grant","025","75-79","16","Male","952.97917196919","985.01795434715","1,017.02960645566","1,049.02721159972","1,081.02461078459","1,113.00838267798","1,146.99022292356","1,178.9840375785","1,225.98881981803","1,267.99333807451"
"Grant","025","80-84","17","Female","778.98401186929","779.01315615597","780.02141531504","780.01924043229","781.0170670086","783.00565790257","783.9934372297","785.9895552075","795.99281791864","804.99574374223"
"Grant","025","80-84","17","Male","629.98747800213","637.01045116732","645.01698999215","654.01544421027","662.01382931066","671.00462464626","678.99460344884","686.9913167701","702.99402676052","718.99640703789"
"Grant","025","85+","18","Female","811.97864850811","817.01634963167","823.0264574882","829.02334935091","830.02022119381","839.00652816629","842.99254852013","852.98853125718","867.99244249791","880.99559536999"
"Grant","025","85+","18","Male","475.9884250625","494.00950999222","508.01553400032","521.01397547145","537.01245643535","554.00415991881","570.99516363507","586.99233032213","609.99483008824","630.99694096736"
"Grays Harbor","027","0-4","1","Female","2,123.99362234727","2,089.00071075536","2,058.00035227975","2,029.99926847494","1,999.99940692204","1,962.99991182135","1,927.00031084979","1,900.9995271381","1,878.99880380985","1,858.00169496814"
"Grays Harbor","027","0-4","1","Male","2,135.99237534457","2,108.00087071587","2,083.00028181326","2,058.99919493354","2,032.99941715284","2,003.00032038837","1,974.00060166469","1,950.99955096568","1,934.99867083398","1,919.00324684751"
"Grays Harbor","027","10-14","3","Female","2,188.99281609805","2,189.00033914805","2,195.00038937977","2,195.999411391","2,200.99952234873","2,198.00029596683","2,201.00068677528","2,204.99968861112","2,218.99878368207","2,238.00381631371"
"Grays Harbor","027","10-14","3","Male","2,303.99339296","2,299.00017577708","2,299.00046920367","2,293.99946089938","2,294.9995059332","2,286.00008287711","2,285.00053711612","2,286.99965430576","2,293.99887368166","2,309.00332315071"
"Grays Harbor","027","15-19","4","Female","2,270.99246928447","2,246.00032017076","2,226.00042067568","2,202.99945604791","2,182.99952992389","2,155.00006351346","2,133.00048826039","2,113.99966619818","2,100.99886246899","2,095.00264534161"
"Grays Harbor","027","15-19","4","Male","2,498.99095801033","2,457.00035874166","2,422.00041667476","2,381.99943682877","2,345.99955048026","2,302.00028445364","2,264.0005969405","2,227.99966353133","2,199.99879977649","2,177.00257925792"
"Grays Harbor","027","20-24","5","Female","1,947.99349789857","1,912.00062686375","1,879.00031654509","1,843.99934225823","1,809.99945273343","1,772.99980575833","1,739.00023713557","1,706.99963205955","1,680.99904684186","1,660.0008965721"
"Grays Harbor","027","20-24","5","Male","2,363.99212060099","2,314.00099176846","2,273.00037823355","2,223.99909896441","2,180.99923464149","2,129.9995813582","2,085.00005865402","2,040.99931620658","2,005.99857597988","1,975.99987346014"
"Grays Harbor","027","25-29","6","Female","1,946.99575277887","1,931.00032983761","1,919.00043265761","1,903.9994627559","1,890.99946332771","1,871.99948146119","1,859.00004790249","1,845.99962355522","1,839.9991389332","1,840.99995679396"
"Grays Harbor","027","25-29","6","Male","2,346.99367248473","2,319.00122194328","2,297.00040334341","2,271.99892150252","2,248.99907243201","2,219.99948746719","2,197.00004092643","2,174.99914879604","2,159.99822235572","2,153.00077460459"
"Grays Harbor","027","30-34","7","Female","1,904.9952980609","1,924.00020011891","1,948.00044994825","1,966.99955103956","1,989.99952737382","2,005.99958245482","2,027.00011138334","2,050.9996046006","2,079.99916391803","2,117.00119409202"
"Grays Harbor","027","30-34","7","Male","2,360.99493970276","2,367.00104829867","2,377.00052948611","2,384.99897901373","2,394.99901635899","2,395.99913963399","2,405.99980554711","2,415.99900750172","2,434.99810245085","2,461.99991170191"
"Grays Harbor","027","35-39","8","Female","1,919.9959900243","1,945.99983759264","1,976.0005345699","2,002.99972631081","2,032.99960378301","2,055.99932059957","2,083.00000780242","2,112.9998366042","2,150.99950369928","2,193.99908316969"
"Grays Harbor","027","35-39","8","Male","2,295.99380887888","2,305.00099432298","2,321.00048161219","2,332.99901587163","2,344.9990656714","2,351.99925036596","2,364.99984004202","2,377.9991011463","2,400.99831251729","2,432.99960897642"
"Grays Harbor","027","40-44","18","Female","2,035.99551869981","2,027.99972531569","2,024.00055057665","2,017.99982028102","2,012.99968211288","2,000.99933885819","1,997.000001988","1,992.99997130566","1,995.99974881702","2,005.99884641602"
"Grays Harbor","027","40-44","18","Male","2,353.99471174629","2,357.00068386853","2,366.00058946401","2,368.99918955622","2,376.99911109388","2,377.99880537422","2,383.99956287625","2,390.9992170644","2,407.9986755963","2,431.99787636241"
"Grays Harbor","027","45-49","10","Female","2,493.99466618833","2,436.99955533172","2,384.0006628459","2,328.99985774732","2,273.99970578237","2,214.99936561879","2,162.00005391587","2,111.00005789817","2,064.9999340544","2,026.99883463398"
"Grays Harbor","027","45-49","10","Male","2,681.99385834608","2,639.00038945545","2,602.00066451455","2,559.99929305292","2,523.99919007438","2,475.99887726051","2,437.99969884302","2,401.99940563713","2,371.99886996897","2,350.99816427659"
"Grays Harbor","027","50-54","11","Female","2,827.99439646317","2,766.99912028732","2,711.00081478583","2,649.000029804","2,595.999776475","2,529.99922725982","2,472.00004248827","2,417.00022071104","2,371.00016428145","2,329.99844607528"
"Grays Harbor","027","50-54","11","Male","2,878.99555727661","2,822.99990207413","2,774.00081763667","2,720.9995059984","2,670.99928239908","2,610.99864797349","2,560.99959463789","2,511.99948763541","2,469.99901081528","2,438.99735347377"
"Grays Harbor","027","55-59","12","Female","2,791.99632936833","2,774.99888604303","2,765.00088203107","2,751.00012662067","2,739.99982959561","2,719.99909911892","2,706.00015518337","2,698.00063146522","2,696.00081357432","2,703.99869622143"
"Grays Harbor","027","55-59","12","Male","2,841.99689692652","2,829.99936513203","2,824.00089282061","2,811.9997940862","2,804.99951686624","2,787.99888391382","2,780.99989131759","2,773.99997411271","2,777.99973031044","2,789.99850715504"
"Grays Harbor","027","5-9","2","Female","2,067.99362018487","2,055.00031625453","2,045.00041112149","2,031.99946427046","2,020.99950573333","2,004.99984148104","1,994.00031240362","1,984.9996410011","1,981.99894339032","1,986.00158691545"
"Grays Harbor","027","5-9","2","Male","2,072.99334703126","2,077.00045349839","2,084.00037849068","2,086.99944293377","2,093.99953750324","2,093.99998805038","2,100.00037648854","2,105.99966529868","2,119.99901232247","2,141.00121737142"
"Grays Harbor","027","60-64","13","Female","2,681.99733599731","2,716.9987748366","2,758.00091197112","2,795.00023628271","2,833.9999018946","2,863.99893793404","2,903.0001090252","2,944.00094135006","2,994.00143604608","3,056.99723869744"
"Grays Harbor","027","60-64","13","Male","2,606.99695248129","2,641.99911955676","2,681.00087274629","2,717.00004829343","2,753.99972217427","2,782.9987140967","2,820.99982505944","2,860.00041828968","2,908.00054921568","2,966.99595431897"
"Grays Harbor","027","65-69","14","Female","1,912.99883338798","2,026.99891247805","2,144.0007546961","2,256.00029755692","2,371.9999881104","2,478.99896419213","2,595.00020079015","2,709.0013513717","2,834.0021431541","2,969.99805560853"
"Grays Harbor","027","65-69","14","Male","2,019.99808081001","2,107.9991918872","2,202.00072676677","2,290.00011975636","2,381.99983995929","2,465.998919546","2,555.00005773706","2,647.00092023517","2,749.00138409253","2,859.99748138351"
"Grays Harbor","027","70-74","15","Female","1,492.99936448158","1,588.99905369425","1,689.00061429489","1,786.00028935143","1,884.0000231627","1,975.99914668152","2,073.00017616705","2,173.00117505461","2,279.00179867588","2,392.99843520871"
"Grays Harbor","027","70-74","15","Male","1,442.9998821153","1,533.99918805916","1,629.00059324365","1,720.00017961154","1,811.99991929104","1,898.99903499189","1,992.00008938991","2,084.00106191235","2,184.00169004641","2,292.99858212381"
"Grays Harbor","027","75-79","16","Female","1,047.00030776122","1,084.99926682916","1,127.00043360494","1,167.00019905852","1,208.00000175567","1,242.99939387778","1,284.0000855717","1,325.0007097592","1,370.0010739064","1,419.99907353717"
"Grays Harbor","027","75-79","16","Male","974.99935980254","1,022.99945732812","1,071.00036569785","1,119.00012597633","1,166.99998354937","1,211.99958726489","1,259.00017417303","1,309.00062461845","1,362.00084363778","1,419.99966872111"
"Grays Harbor","027","80-84","17","Female","881.0007955394","881.99931514637","888.00035185202","890.0001817015","894.0000291515","894.99961951259","899.00007262177","902.00042873547","910.00062621091","919.99930541116"
"Grays Harbor","027","80-84","17","Male","628.00016470654","641.99955046359","659.00025648798","673.00014028751","688.00001883381","701.99963801508","717.99999735667","734.00033798179","752.00053469849","772.99902946453"
"Grays Harbor","027","85+","18","Female","902.00173479285","893.99918393128","890.00037946457","882.00021239336","879.00003637142","868.99955965912","863.00006288061","858.00041250872","856.00052057656","855.99945425202"
"Grays Harbor","027","85+","18","Male","547.00057141447","547.99956246897","552.00021846802","553.00011910003","558.00002902806","555.99980120212","560.00008808704","563.00032482773","569.00063567181","578.00058712568"
"Island","029","0-4","1","Female","2,274.00001279155","2,262.00153307177","2,246.00372453298","2,222.00181035787","2,206.99873087594","2,195.99667174481","2,193.99790540048","2,198.9980329016","2,193.99739680235","2,187.00013964743"
"Island","029","0-4","1","Male","2,268.0000150988","2,266.00148342826","2,267.00361673804","2,254.00186527412","2,250.99883894509","2,252.99671838677","2,261.99785990456","2,282.99801064744","2,286.99727857871","2,292.00015581989"
"Island","029","10-14","3","Female","2,185.0000740262","2,170.9994590412","2,157.9996981142","2,131.00009457092","2,116.99936070187","2,108.99935602665","2,103.99916760041","2,107.99825838047","2,099.99901801825","2,088.99991497749"
"Island","029","10-14","3","Male","2,333.0000772538","2,312.99952375922","2,293.9998506616","2,260.00025967152","2,238.99945618139","2,223.99942847667","2,213.99917279667","2,212.99827978294","2,199.99904277933","2,180.99987101569"
"Island","029","15-19","4","Female","2,231.00007223781","2,201.0000119023","2,172.00132230899","2,129.00157230798","2,100.00072314032","2,076.00052034481","2,057.00031438751","2,043.00105444663","2,020.00107895627","1,991.00001724688"
"Island","029","15-19","4","Male","2,384.0000640285","2,352.00117980185","2,322.00480815499","2,277.00452766227","2,246.00333513008","2,219.00282541015","2,200.00228877434","2,187.00590168906","2,161.0048630629","2,132.99966987582"
"Island","029","20-24","5","Female","2,255.99998600794","2,255.0040533864","2,253.01092974756","2,240.00789695068","2,236.00403126204","2,241.00109616706","2,250.00224504294","2,267.0092481684","2,272.00622849153","2,272.99965750643"
"Island","029","20-24","5","Male","2,900.99991795951","2,893.01114031592","2,887.03091927384","2,863.02466954352","2,855.01788612044","2,854.01183456346","2,861.01240553488","2,876.03578620805","2,877.02583473692","2,872.99885492799"
"Island","029","25-29","6","Female","2,306.0000168084","2,335.00176785343","2,362.00482447759","2,375.00267325332","2,401.9992029553","2,434.99668074363","2,472.99825678344","2,520.99975927263","2,555.99837841526","2,586.00010862527"
"Island","029","25-29","6","Male","2,717.0000048353","2,754.00349047195","2,790.00985419868","2,812.0069487186","2,846.00257112624","2,890.99915312459","2,940.001022729","3,000.00796935885","3,045.00479830797","3,085.9997284359"
"Island","029","30-34","7","Female","2,044.000034751","2,099.00065615886","2,154.0021399645","2,195.00118462816","2,248.99896277844","2,307.9975735884","2,371.99833837838","2,445.99832479751","2,505.99800047134","2,563.00000777129"
"Island","029","30-34","7","Male","2,077.00002909848","2,147.00115057676","2,219.00366170913","2,274.00224248817","2,342.99952737891","2,418.99761431557","2,499.99870468438","2,590.00009388173","2,667.99897965377","2,739.00011753529"
"Island","029","35-39","8","Female","2,027.00005512461","2,056.99993218712","2,088.00046375046","2,105.00031958986","2,133.99907951003","2,168.99868658352","2,209.99884581036","2,256.99790997055","2,293.99848709688","2,324.99993893028"
"Island","029","35-39","8","Male","2,026.00004651983","2,077.00035721165","2,125.00162513789","2,162.00120818721","2,209.99975905597","2,262.99919032828","2,321.9993568582","2,389.99954792631","2,446.99980405408","2,497.99972096247"
"Island","029","40-44","18","Female","2,258.00009011197","2,240.99901489741","2,223.99877535993","2,192.99953518209","2,176.99922325223","2,163.99978912578","2,155.99943908361","2,157.998232332","2,147.99949599963","2,132.99984248805"
"Island","029","40-44","18","Male","2,154.00007931421","2,141.99929716935","2,131.9993154538","2,107.99986325324","2,096.99935783157","2,089.99967185627","2,089.99938032395","2,094.99825566102","2,090.99929355769","2,080.99995123732"
"Island","029","45-49","10","Female","2,708.00012375376","2,632.99841869455","2,555.99780773991","2,462.99915856079","2,387.99931885702","2,318.00039205414","2,254.99977036786","2,197.99830718331","2,126.99989006946","2,053.99990735674"
"Island","029","45-49","10","Male","2,543.00011287774","2,488.99860417655","2,434.99816426423","2,365.99937082287","2,312.99945564231","2,264.00044221303","2,220.99988785921","2,183.99869373638","2,137.00018799979","2,086.9998354223"
"Island","029","50-54","11","Female","3,084.000162161","3,007.99752934594","2,936.9962423235","2,843.99833890355","2,770.99908443055","2,705.00090452959","2,642.99994980713","2,590.99784047929","2,525.00005794791","2,452.99986476736"
"Island","029","50-54","11","Male","2,646.00013500264","2,597.99806767672","2,552.99724227428","2,490.99907391168","2,441.99975563469","2,403.00132923824","2,366.00025025143","2,338.99865139239","2,299.00052742629","2,252.99971255966"
"Island","029","55-59","12","Female","3,364.0002046506","3,340.99634183667","3,317.99413795033","3,274.99702908704","3,251.99839244646","3,236.00107799793","3,227.99995828836","3,229.99681983094","3,217.99994092073","3,196.99987704903"
"Island","029","55-59","12","Male","2,842.0001647173","2,824.99726066413","2,809.99570213687","2,774.99822933267","2,758.99945073531","2,749.00169214656","2,746.00032753324","2,749.99792376168","2,742.0005186347","2,727.99975271168"
"Island","029","5-9","2","Female","2,064.0000469522","2,073.00021234569","2,081.00105516295","2,077.00058652745","2,085.9989453393","2,098.99805708624","2,115.99838005815","2,141.99743194007","2,156.99753997492","2,168.00017554034"
"Island","029","5-9","2","Male","2,274.0000432528","2,272.00046916127","2,271.00156869641","2,255.00091008961","2,252.99896192857","2,256.99782010752","2,266.99827742358","2,282.99768917045","2,286.99766502987","2,288.00009631812"
"Island","029","60-64","13","Female","3,166.0002083924","3,218.99590036785","3,271.99320180248","3,303.99627914702","3,354.9980342664","3,414.00140126465","3,483.00022871443","3,562.9968228805","3,625.00077495556","3,680.99969007992"
"Island","029","60-64","13","Male","2,935.0001917522","2,944.99630319666","2,956.9938815032","2,948.99672901657","2,957.99832230856","2,975.00125595164","2,999.0001836725","3,032.99710128122","3,053.00048708809","3,065.99981171751"
"Island","029","65-69","14","Female","2,634.0001839501","2,765.995945293","2,897.99270020829","3,011.99516495901","3,140.9966687681","3,280.0001510016","3,424.99960865464","3,582.99493094293","3,724.99936945834","3,859.00031877016"
"Island","029","65-69","14","Male","2,360.0001658149","2,464.99639921158","2,569.9934723778","2,658.99581181098","2,760.99715298274","2,871.00002539247","2,987.99952134367","3,115.9949908506","3,227.99863880256","3,336.00049344965"
"Island","029","70-74","15","Female","1,764.00012219428","1,929.99714570205","2,094.9946860889","2,244.99620871468","2,405.99713081821","2,573.99970633582","2,748.99947574294","2,933.99559110556","3,105.99925791893","3,272.00034372462"
"Island","029","70-74","15","Male","1,736.0001223799","1,873.9971796066","2,012.994680407","2,137.996371361","2,273.99754857329","2,415.00034654608","2,563.99980380923","2,721.99595665197","2,867.99972528177","3,006.00017590986"
"Island","029","75-79","16","Female","1,270.0000860736","1,369.99803481844","1,470.99635911918","1,559.99736578021","1,656.99790749864","1,760.99957533359","1,866.99951963089","1,980.99697221231","2,084.99939285338","2,186.00023991556"
"Island","029","75-79","16","Male","1,205.0000871473","1,287.9980249569","1,370.9963920156","1,443.99757453829","1,525.99828846209","1,609.99995632755","1,699.99962203038","1,796.99684102278","1,883.99908936391","1,968.00032950424"
"Island","029","80-84","17","Female","930.0000686417","956.9984663294","981.997427108","1,003.998245583","1,028.99866659904","1,056.9996709326","1,087.99973282919","1,122.9985140666","1,151.9997297061","1,179.00012582808"
"Island","029","80-84","17","Male","788.0000567661","819.9987398814","848.9977767494","873.998517009","903.99892612381","935.99984854053","968.9997449403","1,008.99832964843","1,041.99946821519","1,074.00020062103"
"Island","029","85+","18","Female","1,084.00008607393","1,083.99807732688","1,088.99693296001","1,086.99778308376","1,088.9981134452","1,091.99902545879","1,100.99940332729","1,110.99825628303","1,121.99927806405","1,122.00018751281"
"Island","029","85+","18","Male","668.0000514741","686.9988281731","704.9980395166","718.9985801071","736.99882888055","756.99951077311","778.99964962616","802.9986701128","823.9994813073","840.00016421816"
"Jefferson","031","0-4","1","Female","513.9977769262","508.99971199403","502.0001311587","491.99992498892","481.00024770798","482.00107636944","477.00047698464","470.00129266407","461.0018572354","456.00046130201"
"Jefferson","031","0-4","1","Male","553.9975311823","552.99968729584","552.00016158971","546.99991205517","544.00019106249","550.00099543257","550.00036492816","547.00094453066","546.0013511537","547.00007841123"
"Jefferson","031","10-14","3","Female","672.99788392459","663.99973772762","652.00021932075","638.9998546514","631.00007534357","623.00082708538","615.00024603665","605.0006945336","595.00118110003","588.00010394643"
"Jefferson","031","10-14","3","Male","693.9979418527","684.99972831685","676.00021808907","664.99986141696","658.00016231537","649.00108971323","642.00041646585","634.0011702024","625.00179471999","617.00019056221"
"Jefferson","031","15-19","4","Female","657.99845613273","644.99980060133","631.00021491375","613.99985233226","604.00008015439","590.00083398955","580.00028609302","567.00079745942","552.00124405396","541.00012104719"
"Jefferson","031","15-19","4","Male","695.99782713452","682.99973225063","671.00021455874","656.99985291712","646.00013045859","634.00096276387","625.00033070106","613.00091748922","601.00143987395","591.00023701599"
"Jefferson","031","20-24","5","Female","485.99779855862","478.99971378153","469.00010896406","459.99994226166","454.00032243485","445.00121007786","439.00059677952","433.00156817876","426.00219457385","418.0007963118"
"Jefferson","031","20-24","5","Male","618.99714971191","603.99965985932","586.0001200514","566.9998562638","554.00022094514","537.00100853564","523.00032901368","506.00079472864","492.0010445115","475.99981949854"
"Jefferson","031","25-29","6","Female","509.9983839107","517.99979651554","525.00018500099","530.99987646853","539.00002690401","548.00063292009","558.00016109194","567.0005203255","573.00101893842","583.00019243739"
"Jefferson","031","25-29","6","Male","610.99799730096","608.99974351963","607.00017159722","602.99982457965","606.00010498155","603.00090148023","605.00027344071","604.00082221989","603.00128338091","603.00006028231"
"Jefferson","031","30-34","7","Female","591.99817731654","605.99976521085","619.0002122821","631.99985379052","649.00006131526","663.00084933488","682.00025912425","695.00080373509","711.00144899058","729.00001258938"
"Jefferson","031","30-34","7","Male","604.99787197857","622.99972923717","637.00015920189","651.99978961643","671.00009832698","688.00093953697","707.0002125062","724.00064004456","740.00098181078","758.99931642225"
"Jefferson","031","35-39","8","Female","603.99924663778","621.99989979154","638.00026669244","652.99979638509","671.9998363839","689.00039217426","709.99995953293","726.00008095061","745.00056346094","762.99953501472"
"Jefferson","031","35-39","8","Male","648.99836024241","667.99979426194","687.00022510016","704.99976809101","727.9999237105","746.00059085848","768.99996205025","790.00003615198","810.00030127531","830.99897563498"
"Jefferson","031","40-44","18","Female","714.9989702513","714.99987469234","713.00028403287","709.9997766387","711.99981870265","712.00034195671","713.99988399924","713.99982182234","714.00009269582","715.99955902478"
"Jefferson","031","40-44","18","Male","762.99849058882","765.99979374517","766.00024369401","762.99974240037","767.99997334385","769.00078204164","774.00009689575","776.00039964658","778.00080204002","780.9994877691"
"Jefferson","031","45-49","10","Female","1,028.9982058755","998.99978805568","968.00035993485","933.99972783728","906.99992490988","875.00079680853","850.00014516924","819.00045989023","791.00105332301","761.00065838821"
"Jefferson","031","45-49","10","Male","912.99887423921","891.99986623488","870.00034218724","845.99970109695","826.99974758002","805.00030690422","788.99978832299","766.9996256284","747.99986099747","728.99907776647"
"Jefferson","031","50-54","11","Female","1,357.0001533362","1,310.00001053777","1,260.00055392413","1,207.99956466916","1,161.99952062939","1,115.00024702986","1,072.99971640673","1,024.9996285057","978.00022962265","930.99970220405"
"Jefferson","031","50-54","11","Male","1,203.99880004915","1,171.99985373572","1,137.00044485186","1,099.99962565809","1,068.99973325369","1,038.00056004855","1,008.99987557059","975.99989965849","944.00035144347","913.99935350188"
"Jefferson","031","55-59","12","Female","1,625.00012045065","1,590.00001645949","1,552.00064576177","1,511.99944363414","1,482.99944739495","1,447.00045857077","1,417.99972166459","1,382.9996750211","1,349.00057921117","1,316.99995301178"
"Jefferson","031","55-59","12","Male","1,437.99922616243","1,403.99992212033","1,364.00053757699","1,324.99952650578","1,292.9995947757","1,256.00049530896","1,226.99974790442","1,192.99959389836","1,156.00006727011","1,123.9991191228"
"Jefferson","031","5-9","2","Female","570.9976214015","567.99969690203","564.00016552568","558.99990750779","558.00021311499","554.00106151029","554.00043692968","551.00118671916","549.0017763195","547.00048689732"
"Jefferson","031","5-9","2","Male","555.9976520162","557.99971018639","560.00016765762","558.99989292316","563.00013953444","566.00087017525","571.00026886796","573.00070920151","575.00107517721","578.99970101039"
"Jefferson","031","60-64","13","Female","1,778.00151385321","1,792.00023110624","1,801.00074698688","1,806.99923184887","1,825.99898236179","1,837.9997419404","1,858.99900357203","1,872.99784511202","1,885.99835331727","1,903.99791407431"
"Jefferson","031","60-64","13","Male","1,616.00064822805","1,605.00010617329","1,592.00065384024","1,572.99938300895","1,567.99930712574","1,554.00020180765","1,549.99946167495","1,539.99899101899","1,529.99965813703","1,520.99895573086"
"Jefferson","031","65-69","14","Female","1,430.00103460715","1,501.00019040437","1,567.00058140125","1,628.99927932545","1,702.99915538809","1,770.99998112125","1,847.99919820069","1,916.99811362227","1,987.99866668349","2,059.99978558872"
"Jefferson","031","65-69","14","Male","1,422.00159396834","1,476.00025390441","1,528.00061489869","1,574.99929355666","1,633.99907507583","1,685.99978762905","1,747.99914220407","1,801.99813353116","1,855.99877860462","1,913.99929468778"
"Jefferson","031","70-74","15","Female","919.00146181762","1,031.00024125144","1,137.00043650815","1,240.99939330983","1,355.9991457544","1,462.99962517026","1,579.99912492531","1,688.99799912825","1,800.99867083598","1,914.00023903281"
"Jefferson","031","70-74","15","Male","959.0010937346","1,046.00019139019","1,132.00044490848","1,214.99943197238","1,306.99918244418","1,392.99958500671","1,485.99906275291","1,572.99782252084","1,661.99816403232","1,752.99944823319"
"Jefferson","031","75-79","16","Female","638.00104125354","701.00016527855","763.00028307968","821.9995869891","887.99942644806","948.99970208497","1,013.99936737172","1,077.99848255404","1,140.99873894276","1,206.99992653172"
"Jefferson","031","75-79","16","Male","700.0012043892","760.00019119618","819.00031406831","874.99956780878","937.99938416783","996.99964117742","1,061.99930772304","1,121.99830490658","1,182.99851727084","1,244.99988066693"
"Jefferson","031","80-84","17","Female","471.0006440596","486.00009638286","500.00015553355","510.99972952132","527.99968306864","541.99990496258","559.99970461642","574.99935975612","588.99960870952","605.00051097962"
"Jefferson","031","80-84","17","Male","477.00072633764","494.00010773636","508.0001851594","522.99974412943","538.99968239708","554.99990730852","573.99970855363","588.99936670138","605.99955664623","623.00003181815"
"Jefferson","031","85+","18","Female","504.000944218","510.00011467997","515.00012049751","517.99968402881","528.99962746663","532.99979968519","540.99961045108","546.99911686156","555.9992364456","562.00071761292"
"Jefferson","031","85+","18","Male","322.00057635143","340.00007745125","356.00010946276","369.99979980188","387.99975302141","400.99989146446","421.99975148016","436.99938107884","454.99945719675","474.00029588223"
"King","033","0-4","1","Female","58,678.00236213747","58,206.02129881562","57,648.04584868038","57,567.05122202067","57,798.04983234675","58,124.05224627896","58,885.02423435152","58,923.01317204189","59,134.02189530592","59,418.98632312126"
"King","033","0-4","1","Male","61,616.00249670402","61,098.02173300182","60,493.0476639337","60,389.05298664339","60,608.05188964041","60,930.05391889015","61,706.02446055717","61,725.01282352305","61,923.02175825014","62,201.98561654447"
"King","033","10-14","3","Female","53,957.00039440836","54,364.00508677722","54,677.01042082224","55,429.01189780899","56,480.01394425872","57,629.0208175965","59,224.01413124647","60,093.01315444453","61,146.01592185254","62,275.99536385849"
"King","033","10-14","3","Male","56,832.00032868284","57,261.00561065768","57,591.01124745961","58,384.01271464261","59,490.01505935421","60,701.02247576914","62,382.01569543351","63,296.01467975347","64,407.01745625053","65,595.99536195906"
"King","033","15-19","4","Female","57,396.00190980265","57,272.96922967659","57,059.96937012193","57,314.98088157434","57,876.98059012087","58,536.99014064533","59,644.98223590937","60,013.98572046745","60,568.99556176113","61,195.98812606921"
"King","033","15-19","4","Male","60,118.00153456855","59,917.9817316283","59,626.9848772589","59,825.99379830584","60,346.9938581291","60,966.00269551126","62,050.99340123189","62,370.99477936471","62,878.00323093566","63,463.98942774748"
"King","033","20-24","5","Female","64,194.00490435384","64,214.97073818445","64,136.98393022964","64,576.99474495683","65,367.99411414201","66,266.99216190315","67,673.95974698611","68,247.95075869668","69,029.96959821071","69,897.96968087674"
"King","033","20-24","5","Male","65,628.00470544111","65,833.97444573191","65,932.9889288775","66,568.000977568","67,559.99967063109","68,664.99829026201","70,301.96386702115","71,072.95352703581","72,060.97272420033","73,137.96717068831"
"King","033","25-29","6","Female","78,948.00479810507","79,913.99633924699","80,734.01668126038","82,200.01985234663","84,106.01731203648","86,158.00759931815","88,885.9626648955","90,525.94792648062","92,442.9602355583","94,477.96998993269"
"King","033","25-29","6","Male","81,708.00518213831","83,011.99867864257","84,157.02266290026","85,969.02788582532","88,244.02479246936","90,675.01534543546","93,818.96221483087","95,817.94299964454","98,110.95942938236","100,528.96212883168"
"King","033","30-34","7","Female","74,512.00312681178","76,318.99785076431","77,970.01051419088","80,227.01193801608","82,917.01149708153","85,757.00812228765","89,278.97612362154","91,715.96608224965","94,435.9733910441","97,278.97953954991"
"King","033","30-34","7","Male","77,549.0038188485","79,597.99974907667","81,481.01782449029","83,995.02113671125","86,963.0208082707","90,086.01556089156","93,930.97396063032","96,635.95899157653","99,637.97006798747","102,770.97081463178"
"King","033","35-39","8","Female","73,196.00140422133","74,375.99294418739","75,412.9937294618","77,046.99244793804","79,095.9940471501","81,283.99740728386","84,113.98667151155","85,913.9868844121","87,979.98930446569","90,157.99247130888"
"King","033","35-39","8","Male","75,962.00206517311","77,317.99415119289","78,522.99933378522","80,347.99917722262","82,606.00039761773","85,010.00150606445","88,085.98340310078","90,084.98018718558","92,363.98490103461","94,759.98715069572"
"King","033","40-44","18","Female","72,031.0000349584","72,050.98502759444","71,955.97417811861","72,447.97085356897","73,330.97528288532","74,334.98289506216","75,910.98898578285","76,550.99636983507","77,423.99457457568","78,391.00134209746"
"King","033","40-44","18","Male","75,601.00074144298","75,467.98876375773","75,218.98312004943","75,584.98067807551","76,357.98361117069","77,259.9893088997","78,751.98945516363","79,268.99391864595","80,029.99440291336","80,888.99810983143"
"King","033","45-49","10","Female","73,091.99926229983","72,480.98302869091","71,769.96807683382","71,648.9621542796","71,916.9660597683","72,301.97360255858","73,233.98852853375","73,255.00044253373","73,497.99469810737","73,832.00843033832"
"King","033","45-49","10","Male","74,744.99996060521","74,066.98901383235","73,286.97941487047","73,112.9747048974","73,335.97692646852","73,675.98243145941","74,572.9897137414","74,540.9981696263","74,737.99494042758","75,023.00446638444"
"King","033","50-54","11","Female","71,481.99895784903","70,702.98389902901","69,827.96616580233","69,533.95951077652","69,615.96303898295","69,809.97055604468","70,527.98980783656","70,368.00374233225","70,423.99661224739","70,560.01202302893"
"King","033","50-54","11","Male","71,812.99929480818","71,148.98529292402","70,386.96970714423","70,207.96393191649","70,407.96728936196","70,720.97397263606","71,569.98979960025","71,529.00221460331","71,703.99580523549","71,965.00995315404"
"King","033","55-59","12","Female","64,290.99871019182","64,022.98618236846","63,659.96787149482","63,818.96039103038","64,321.96300754202","64,931.9696047233","66,035.9915333075","66,321.00714261525","66,811.99869724412","67,381.01556713488"
"King","033","55-59","12","Male","61,980.99886623778","62,000.98580120464","61,921.96899705749","62,348.96274888857","63,108.96658856102","63,976.97366419607","65,336.99327814264","65,887.00723109418","66,642.00047302766","67,479.01265948865"
"King","033","5-9","2","Female","55,396.00103150433","55,577.00906813884","55,665.01971231145","56,205.02230974584","57,048.0235088453","57,988.02929021272","59,376.01556254274","60,030.0110211276","60,870.01629285556","61,784.99074803608"
"King","033","5-9","2","Male","57,899.00110421558","58,136.01085282744","58,277.023280577","58,890.02658960129","59,819.02776095545","60,851.03373762626","62,353.01819750872","63,086.01268896088","64,012.01848633939","65,019.98966376884"
"King","033","60-64","13","Female","52,497.99857967693","53,098.9936845722","53,605.97983588706","54,537.97293757298","55,765.97420845746","57,088.9789009383","58,858.99746776195","59,907.01128356664","61,143.00310674246","62,453.01565975041"
"King","033","60-64","13","Male","49,446.99869206271","50,167.98938924612","50,797.97382402432","51,829.96766721645","53,139.97025885089","54,542.97642539359","56,375.99600345003","57,519.00987868197","58,839.00226422487","60,233.01487869786"
"King","033","65-69","14","Female","35,151.99877949381","36,708.00313067089","38,173.99592052426","39,927.9898708172","41,895.98899583777","43,944.99164321854","46,350.00784090038","48,200.0215474988","50,197.01325648176","52,262.0210251445"
"King","033","65-69","14","Male","32,164.998827213","33,572.99728122088","34,897.98679824037","36,486.9805615909","38,270.98040929275","40,128.98314889378","42,315.00148465246","43,990.01583512544","45,802.00759147193","47,676.02032480746"
"King","033","70-74","15","Female","24,499.99896869835","26,174.00947792698","27,769.00780494714","29,569.00348272237","31,525.00147566362","33,542.0026665403","35,844.01398915593","37,717.02431509208","39,707.01727809377","41,754.01933813028"
"King","033","70-74","15","Male","20,929.9991269388","22,324.00302761382","23,652.99781812268","25,153.99253752152","26,790.99079003207","28,480.99162656238","30,409.00423393297","31,974.0146204745","33,639.00744556383","35,351.01709796703"
"King","033","75-79","16","Female","19,714.99877056979","20,442.01405150894","21,121.01481770807","21,963.01114455563","22,920.00844314553","23,922.00890646421","25,117.01719667166","26,008.02480267333","26,980.0189962015","27,989.01541003626"
"King","033","75-79","16","Male","15,484.99915515838","16,124.00521886274","16,725.00224207385","17,451.99866185567","18,273.99681891434","19,129.99745789893","20,142.00695455754","20,911.01452583637","21,743.00909518951","22,608.01296782062"
"King","033","80-84","17","Female","17,518.99846457312","17,500.01969807362","17,453.02269810131","17,549.01944943562","17,740.01605835669","17,959.01554673731","18,317.02029151655","18,449.02494595066","18,637.02053490196","18,847.0112275116"
"King","033","80-84","17","Male","11,428.9991037819","11,572.007819277","11,694.00722182311","11,909.00483030739","12,188.00316419618","12,489.00350185842","12,885.00879528328","13,126.013049321","13,408.00974590042","13,705.0078787529"
"King","033","85+","18","Female","22,601.99688430818","22,392.04471989601","22,155.05472324765","22,097.04948206111","22,159.0410010484","22,260.03805768074","22,526.04290376381","22,511.05107695657","22,566.04357184708","22,647.01895350749"
"King","033","85+","18","Male","11,181.99865196184","11,248.01598319357","11,294.01773765362","11,433.01483990659","11,633.01148839762","11,851.01076621646","12,164.0151648799","12,323.02149064199","12,525.01865417067","12,741.00910878965"
"Kitsap","035","0-4","1","Female","7,315.99160795252","7,201.9926227156","7,178.985940156","7,101.9963929595","7,087.99227834847","7,078.98652254816","7,108.97285476903","7,070.98470083909","7,090.98426227056","7,083.98482874598"
"Kitsap","035","0-4","1","Male","7,514.99228720971","7,422.99356434507","7,427.98649057523","7,369.99664788488","7,380.99238715822","7,397.98662137956","7,455.97260334282","7,443.98478178254","7,490.98448213994","7,509.98515406783"
"Kitsap","035","10-14","3","Female","7,677.97101426875","7,601.96225772029","7,621.95303827987","7,577.98329099132","7,607.97879060367","7,644.97038499527","7,722.95033048857","7,723.97318766778","7,787.97449650266","7,826.97589626562"
"Kitsap","035","10-14","3","Male","8,308.96890697423","8,199.95977894865","8,194.95032126641","8,120.98251319042","8,125.97764044616","8,140.96830520988","8,197.9465934811","8,171.97103308047","8,213.97212094541","8,226.9734173384"
"Kitsap","035","15-19","4","Female","8,234.9879513942","8,064.9945167616","7,999.99523074405","7,866.99924283847","7,810.99878324352","7,763.99962221392","7,757.99729002191","7,671.00008808626","7,650.00060667817","7,599.00031389063"
"Kitsap","035","15-19","4","Male","9,024.02938704846","8,837.07397367435","8,765.09179209006","8,619.03449293957","8,558.04260763763","8,507.06475710556","8,498.11209217875","8,403.06073415081","8,378.0599261981","8,324.05345861221"
"Kitsap","035","20-24","5","Female","7,588.05166482766","7,511.10743422709","7,534.13514245575","7,489.05255105953","7,519.06386214288","7,555.09030629003","7,633.13578940574","7,634.08408995758","7,699.08334123382","7,734.07941620175"
"Kitsap","035","20-24","5","Male","11,108.31918418183","11,049.58056868645","11,130.71075882703","11,117.2942047241","11,210.3537551769","11,318.49981273788","11,486.83959694198","11,538.46666696114","11,685.46221112658","11,791.42390601384"
"Kitsap","035","25-29","6","Female","7,637.00937129298","7,656.02615573718","7,771.02926797829","7,820.01274428047","7,944.01287892693","8,077.01638888063","8,255.01844983117","8,350.01291911998","8,513.01234610656","8,649.01208768973"
"Kitsap","035","25-29","6","Male","9,243.08082272864","9,275.15883055371","9,424.19430319018","9,493.07597266803","9,653.09064413","9,824.1293982244","10,048.21422495031","10,172.11905975116","10,381.1175151278","10,554.10902942382"
"Kitsap","035","30-34","7","Female","6,926.98897631779","7,047.98984542777","7,254.98465512388","7,401.99584628627","7,616.99282155489","7,842.98840476527","8,110.97664440905","8,297.98760779726","8,556.98786202222","8,784.9883460679"
"Kitsap","035","30-34","7","Male","7,467.02372004815","7,606.05386374345","7,840.06428930869","8,007.02372937998","8,249.02712522939","8,500.038423866","8,800.05920666094","9,013.03279470916","9,299.03096081656","9,556.027777891"
"Kitsap","035","35-39","8","Female","7,064.97965706949","7,146.97479718173","7,318.96703654297","7,427.98850843763","7,605.98430142611","7,796.97703302538","8,026.95878660445","8,177.97792429969","8,397.97855450653","8,587.97886100969"
"Kitsap","035","35-39","8","Male","7,269.00130334613","7,383.01513707284","7,590.01729175573","7,729.00635544959","7,943.00590669356","8,168.00814000722","8,435.00969401799","8,621.00567103485","8,878.0051508711","9,104.00263157859"
"Kitsap","035","40-44","18","Female","8,252.96903123989","8,108.95984887219","8,070.950376553","7,963.98238359181","7,934.97758986574","7,913.96890642694","7,935.94765802201","7,874.97159830241","7,881.97290760004","7,857.97448620708"
"Kitsap","035","40-44","18","Male","7,935.98288325864","7,826.98565190726","7,820.97933027948","7,746.99227414017","7,749.98958201643","7,760.98526544518","7,811.97370678234","7,784.98646686333","7,821.98717500305","7,830.98653206199"
"Kitsap","035","45-49","10","Female","9,556.96235870565","9,226.95138136788","9,018.94111710154","8,735.97914270544","8,537.9744265037","8,351.96507933994","8,204.94347725973","7,974.9704553619","7,809.9727648167","7,614.97452281555"
"Kitsap","035","45-49","10","Male","9,471.96655669208","9,154.95856451736","8,958.95003511307","8,686.98318244207","8,500.97917375956","8,323.97151972582","8,188.95377383061","7,969.97618440308","7,817.9781180466","7,633.97906266646"
"Kitsap","035","50-54","11","Female","10,087.95422225856","9,796.93939562198","9,632.92743784221","9,387.97357784599","9,236.96832557483","9,095.95799209859","8,998.93196839757","8,811.96408203349","8,696.96659404778","8,548.96820133316"
"Kitsap","035","50-54","11","Male","9,664.95943789519","9,373.94718806569","9,205.93640056865","8,960.97725733004","8,803.97243332264","8,658.96315960066","8,553.94064833581","8,362.96863058512","8,240.97071516319","8,087.97179407915"
"Kitsap","035","55-59","12","Female","9,628.95261616646","9,524.93557984601","9,541.92210712004","9,479.97057563605","9,507.96448625387","9,547.95235612291","9,637.92334828568","9,628.95861263409","9,701.96112643945","9,739.96312702142"
"Kitsap","035","55-59","12","Male","9,248.95719986729","9,119.94412653241","9,107.93162117473","9,019.97368548181","9,017.96840840605","9,027.95782756563","9,082.93166323786","9,047.96345272356","9,087.96572953802","9,093.9671938742"
"Kitsap","035","5-9","2","Female","7,412.97788244756","7,353.97238286097","7,389.96439957223","7,361.98798216809","7,406.98374073777","7,458.9760668545","7,551.95840342977","7,567.97741509445","7,646.97797806849","7,698.97916143867"
"Kitsap","035","5-9","2","Male","7,725.97662413185","7,655.9707929281","7,684.96236678412","7,646.98715683878","7,683.98262598418","7,729.97488229991","7,816.95596809944","7,823.97592048892","7,897.97643350908","7,941.97757156667"
"Kitsap","035","60-64","13","Female","8,505.95358367767","8,539.93575328274","8,681.92225090895","8,748.96930632599","8,900.96292365194","9,062.95017479555","9,274.91973651502","9,392.95525931251","9,588.95706421212","9,751.95863088692"
"Kitsap","035","60-64","13","Male","7,961.95763831195","7,980.94138610364","8,102.92893743959","8,151.97246443098","8,280.96680935235","8,420.9555555113","8,605.92854235055","8,701.96100441247","8,873.96307627899","9,014.96456204574"
"Kitsap","035","65-69","14","Female","5,908.96536340901","6,180.9493917763","6,528.93606385927","6,815.9730408759","7,168.96632384991","7,531.95341657659","7,936.92473073924","8,264.95548538721","8,660.95573464837","9,029.95688940659"
"Kitsap","035","65-69","14","Male","5,736.96725290749","5,930.95231966773","6,196.93995268673","6,408.97495114793","6,680.96876137564","6,961.95679817703","7,281.92967570098","7,531.95867295353","7,841.9588695673","8,127.95956835007"
"Kitsap","035","70-74","15","Female","3,827.9771609213","4,174.96481823248","4,568.9534761149","4,920.97906074811","5,318.9729947355","5,725.96163465942","6,164.93704323583","6,543.96162706047","6,980.96132947503","7,394.9621741914"
"Kitsap","035","70-74","15","Male","3,677.97787041651","3,947.96628275281","4,265.95597758413","4,543.98070608179","4,863.97524616376","5,192.96487297868","5,549.9417796947","5,852.96506915864","6,205.96474390813","6,539.96506537069"
"Kitsap","035","75-79","16","Female","2,914.98104196944","3,085.97175116653","3,294.96402279102","3,474.98384811734","3,687.97969528238","3,904.9718204368","4,143.95565923414","4,342.9725059888","4,577.97267785179","4,798.97443288251"
"Kitsap","035","75-79","16","Male","2,459.9843446843","2,631.97609866028","2,835.96897653275","3,013.98615571202","3,218.98229895473","3,430.9749843117","3,660.95931493748","3,854.97497282637","4,082.97489176471","4,296.97577481108"
"Kitsap","035","80-84","17","Female","2,494.9830199338","2,498.9760659065","2,536.97101417147","2,550.98699527095","2,590.98431075932","2,631.97914192599","2,690.96910370463","2,719.98053401253","2,770.98092192474","2,813.98350986885"
"Kitsap","035","80-84","17","Male","1,763.9886589202","1,806.98350653655","1,870.9794760601","1,918.99082070433","1,984.98857542086","2,053.98433809235","2,134.97551051395","2,191.98469822638","2,269.98463200533","2,340.98582953109"
"Kitsap","035","85+","18","Female","2,938.97486881576","2,914.96414309557","2,927.95737143605","2,913.97968210233","2,928.97602355526","2,947.96905800173","2,982.95680384036","2,987.97172166292","3,016.97278533616","3,036.977920737"
"Kitsap","035","85+","18","Male","1,570.9875287189","1,578.98222351394","1,607.97873001945","1,618.99025722043","1,648.98846177188","1,679.98502783345","1,719.97832674852","1,742.98637125735","1,780.98689419413","1,811.98886407212"
"Kittitas","037","0-4","1","Female","1,005.00545974176","1,009.93371867136","1,008.97242627928","1,004.97710767832","1,012.97324050194","1,018.98846172375","1,030.00460486807","1,043.00021228867","1,052.98463646923","1,066.00132456273"
"Kittitas","037","0-4","1","Male","1,029.00650444512","1,030.92487358832","1,030.96993736151","1,020.97639474334","1,027.97465377867","1,031.99004865738","1,043.00395002244","1,056.00056810195","1,060.99008330361","1,074.00094139411"
"Kittitas","037","10-14","3","Female","1,042.01634362977","1,045.81207905004","1,044.92057817245","1,041.94137418071","1,052.94177260403","1,056.97553305646","1,075.01007850144","1,087.0017066492","1,094.97779120104","1,111.0026475816"
"Kittitas","037","10-14","3","Male","1,105.01689711237","1,106.80819940033","1,104.91953533813","1,099.94101080318","1,110.941444042","1,113.9752297763","1,131.00972971155","1,142.00114823393","1,147.97623347236","1,163.00235463421"
"Kittitas","037","15-19","4","Female","1,949.89921629403","1,976.03056504626","1,992.39821270577","2,002.29892731556","2,042.30265180156","2,064.12158971541","2,115.94662976657","2,155.98815350621","2,188.12475251049","2,233.98077190222"
"Kittitas","037","15-19","4","Male","1,928.92015495127","1,933.77343508506","1,927.27908624342","1,918.21339907938","1,935.21022991148","1,937.07948159156","1,964.9643278708","1,982.99151514261","1,994.07981587497","2,017.98648304078"
"Kittitas","037","20-24","5","Female","3,168.87117617307","3,145.46466846533","3,105.67042935808","3,057.50192246811","3,055.50467382241","3,029.22802598153","3,043.90325380864","3,042.97823226912","3,029.21944601218","3,036.96363160083"
"Kittitas","037","20-24","5","Male","3,652.85894834936","3,600.5973631642","3,527.7245739467","3,448.54478267972","3,422.54662803125","3,366.2476743404","3,356.89462335944","3,328.97632124906","3,288.2395310778","3,269.95997278209"
"Kittitas","037","25-29","6","Female","1,228.99486842417","1,233.07101234904","1,227.04235465514","1,223.03489212249","1,234.03615740385","1,236.019854983","1,254.99115903899","1,264.99752784519","1,273.0213440761","1,286.99532457558"
"Kittitas","037","25-29","6","Male","1,534.98324827329","1,530.18863347587","1,516.09135407849","1,500.06977541376","1,505.06839946543","1,498.03401288742","1,512.98499678298","1,517.99571684175","1,518.0322686361","1,526.99283337859"
"Kittitas","037","30-34","7","Female","1,004.00843670104","1,025.90571125314","1,042.96380645097","1,055.97477007459","1,085.97508139447","1,103.99140286673","1,141.00366702463","1,170.00061681445","1,193.99386145068","1,227.00028818653"
"Kittitas","037","30-34","7","Male","1,009.00604940507","1,044.94426690006","1,075.98441560063","1,100.99216178051","1,144.99421332767","1,178.00102237915","1,226.99931363483","1,271.99942158904","1,311.00603139315","1,356.9980378531"
"Kittitas","037","35-39","8","Female","994.01204167378","1,014.86093096024","1,027.94109025669","1,039.95606077101","1,067.95435899422","1,084.9807490846","1,119.00822938077","1,146.00133861494","1,167.98007961036","1,199.00233511205"
"Kittitas","037","35-39","8","Male","1,016.0113437868","1,039.86723413217","1,057.94335884645","1,073.95757068483","1,103.95645908799","1,127.98164532093","1,165.00769524118","1,195.00119359208","1,223.98245090813","1,258.00167392821"
"Kittitas","037","40-44","18","Female","1,032.01527817231","1,036.8212049701","1,034.92429728857","1,033.94348394888","1,046.94340633537","1,047.9763474004","1,068.01016692165","1,080.00204839482","1,088.97788035643","1,105.00305360625"
"Kittitas","037","40-44","18","Male","1,068.0153517715","1,070.8230809714","1,069.92566343828","1,064.94543463616","1,075.94593354076","1,077.97691411778","1,094.00959075849","1,106.00160442313","1,112.97771359051","1,127.00270603924"
"Kittitas","037","45-49","10","Female","1,208.01853174538","1,187.78458876553","1,160.91024647428","1,132.93506678109","1,123.93636120487","1,102.97340083246","1,098.01128294434","1,086.00210008896","1,070.97624049038","1,063.00293976714"
"Kittitas","037","45-49","10","Male","1,191.01836618827","1,176.78645227543","1,157.91036377727","1,134.93421251678","1,131.93498657426","1,116.97278501045","1,118.01177482878","1,114.00250270928","1,102.97543462664","1,101.00363978978"
"Kittitas","037","50-54","11","Female","1,324.02230557135","1,298.74025783352","1,268.89035505924","1,233.92046707028","1,219.92258461482","1,194.96793329207","1,186.01357647565","1,173.00293610722","1,151.97367185901","1,140.00372635214"
"Kittitas","037","50-54","11","Male","1,349.02388728198","1,324.72410040444","1,294.88314003785","1,260.91493422728","1,247.91745709934","1,220.96545929644","1,215.01466833645","1,202.00324063305","1,180.9712883444","1,170.00442294394"
"Kittitas","037","55-59","12","Female","1,259.02369265543","1,271.72435508917","1,278.88192185033","1,281.91292983996","1,302.91502749738","1,314.96398951916","1,344.0158355667","1,366.00356748694","1,382.96689510074","1,410.00521524528"
"Kittitas","037","55-59","12","Male","1,275.02386467679","1,274.71845810304","1,267.87813419372","1,258.90878029773","1,267.90927790157","1,265.96064025998","1,282.0172603536","1,290.00389873841","1,293.96195066248","1,307.00616242345"
"Kittitas","037","5-9","2","Female","1,007.0132462249","1,014.84700291705","1,018.93494454925","1,020.95130061592","1,035.95167890056","1,043.98006355354","1,066.00758810095","1,082.00078870116","1,092.982628009","1,113.00151970241"
"Kittitas","037","5-9","2","Male","1,033.01353990332","1,043.84141149096","1,048.9321870972","1,051.94795657628","1,069.94719496115","1,077.97757057577","1,104.00912563385","1,122.00142422073","1,134.97752926844","1,157.00267399436"
"Kittitas","037","60-64","13","Female","1,148.02292412852","1,179.72440412787","1,203.87868203094","1,225.9078148112","1,264.907312279","1,292.95899732224","1,339.01838005835","1,380.00435126344","1,412.95994688131","1,457.00663261527"
"Kittitas","037","60-64","13","Male","1,140.02417281971","1,165.71462458035","1,185.87562827595","1,202.90628751324","1,236.90729268747","1,259.95985281952","1,301.0182797908","1,335.00461087355","1,364.96137546164","1,403.00662625706"
"Kittitas","037","65-69","14","Female","902.01916208985","949.76367767669","991.89183679317","1,031.91509665784","1,083.91198627061","1,127.95933346947","1,189.01782323929","1,242.00328865881","1,291.95506896176","1,349.00665340554"
"Kittitas","037","65-69","14","Male","906.01898881607","951.76506765671","991.89211733598","1,028.91461453107","1,080.91109727149","1,123.95918845489","1,183.01823686351","1,235.00376888636","1,282.95502381136","1,340.00719012917"
"Kittitas","037","70-74","15","Female","605.01287490676","652.83843855278","695.92543463495","736.94062723548","789.93732395377","834.97052497995","892.01268057402","945.00210818698","992.96674522904","1,048.00489364944"
"Kittitas","037","70-74","15","Male","651.01505326382","695.81086109943","733.91202923655","772.92958944641","820.92579291429","861.96476746252","914.01593437419","963.0033523059","1,008.95960192293","1,061.00645230668"
"Kittitas","037","75-79","16","Female","435.00905016236","468.88296516614","498.94448031003","526.9548401072","562.95175697949","594.97685323462","635.00974121254","671.00128439865","703.97380056331","743.00368131512"
"Kittitas","037","75-79","16","Male","389.00803758229","418.89786184596","446.95220475617","472.96207334429","503.9608925323","532.98198756745","569.0071747179","602.0003480672","632.98062168314","668.0020076097"
"Kittitas","037","80-84","17","Female","344.00793394935","351.90534386936","358.95745007674","363.96692085541","374.96626285043","383.98442253893","397.00557673045","406.00009177841","415.98349274798","428.00191295023"
"Kittitas","037","80-84","17","Male","259.0058893375","278.92454574131","296.9639818181","313.9708080087","334.9688055556","353.98484081441","379.00611282138","401.00054842163","419.98201472361","445.00230484738"
"Kittitas","037","85+","18","Female","465.01265741433","459.84601672199","452.93083145761","445.94669980733","444.94734686698","436.97592365187","440.00698454472","439.99865304276","434.97670804925","437.00195072212"
"Kittitas","037","85+","18","Male","256.00650237815","257.92358858327","258.96691021902","256.97591138755","262.97725705278","263.99047144643","269.00294612566","272.99980986879","273.99304165499","280.00101379875"
"Klickitat","039","0-4","1","Female","553.00153696526","551.9996698807","541.00116465194","533.00087334732","534.00244284733","531.00204922175","524.00182728313","526.00163888023","520.00023816414","517.9994922374"
"Klickitat","039","0-4","1","Male","561.00186043185","560.9997833875","552.00174961777","543.00145083068","547.00355418139","545.00344572728","539.00335300379","542.00361014308","538.00168486121","536.00031903974"
"Klickitat","039","10-14","3","Female","628.0011815278","629.99954393002","630.0008094473","628.0006965168","629.0023242927","630.00190959932","634.00188717239","639.00221838064","643.00078314294","647.00026061221"
"Klickitat","039","10-14","3","Male","708.00050480281","706.99933907784","702.99994830364","698.99997955675","699.00112073335","696.00038919425","698.00043688801","700.00073916616","700.99974909005","703.99978213464"
"Klickitat","039","15-19","4","Female","623.00124912878","616.99955609968","609.0009917836","602.0007822796","596.00241538478","589.00211747713","586.00207811219","582.00239574669","578.00095842053","577.00019627177"
"Klickitat","039","15-19","4","Male","608.00055999278","614.99943580899","621.00034982972","626.00045698854","634.0022155211","640.00215102334","649.00255191683","661.00331936329","671.00180644096","682.00075047327"
"Klickitat","039","20-24","5","Female","398.0012618738","400.99980667467","402.00140689332","404.00128605431","407.00335177583","408.00378644001","413.00412343468","418.0048840175","422.00295592955","428.00098855458"
"Klickitat","039","20-24","5","Male","434.0009400411","436.99969386057","439.00117121129","440.00114433521","444.00342921785","447.00422055231","452.00494814901","455.00601823778","460.00391805637","466.00141838262"
"Klickitat","039","25-29","6","Female","433.00070120957","436.9996508024","438.00038015988","438.00032225209","441.00146787296","442.00139080548","448.00159867529","451.00200331038","456.00087744288","461.00012209355"
"Klickitat","039","25-29","6","Male","494.00098804811","494.99966506495","494.00117499942","494.00115611665","494.00340454448","494.00401711818","497.00473871413","500.00553995418","503.00317407695","507.00070436916"
"Klickitat","039","30-34","7","Female","533.00044560467","545.99949294484","558.00020908026","570.0003342663","582.0018432105","595.00167083429","611.00202999941","627.0027237586","642.00108874122","660.00014499512"
"Klickitat","039","30-34","7","Male","498.0005843046","513.99964770796","532.00086686159","547.00114183726","564.00366002575","581.00445157271","600.00571754316","620.00763234629","639.00525713738","661.00224629452"
"Klickitat","039","35-39","8","Female","579.00083540341","590.99956081783","601.00057390596","611.00060460835","623.00223194997","635.00189697826","649.0020295321","664.0022721596","679.0007253763","694.99979322737"
"Klickitat","039","35-39","8","Male","616.00071769331","626.99952049522","639.0006115542","649.00080443058","661.00291108854","672.00304804315","687.00388332317","702.00532247791","717.00351348046","735.00184086693"
"Klickitat","039","40-44","18","Female","573.99992989791","585.99936088512","594.9994504465","604.99964676785","615.00048452475","624.99987801182","640.00010674519","653.00067051523","666.99986685213","682.99998015352"
"Klickitat","039","40-44","18","Male","634.00042820191","641.99942836902","649.00032465193","655.00054881925","664.00248262661","672.0024546498","682.00309683979","696.00401356172","707.00228839804","720.00103296754"
"Klickitat","039","45-49","10","Female","703.0002438524","698.99935127005","692.99987694917","686.00008199706","682.00135645008","676.00069620773","676.00082822412","675.00109992242","673.00002159121","674.00025538634"
"Klickitat","039","45-49","10","Male","719.99989132181","719.99921408046","717.99981239343","715.00013676533","715.00217897086","714.00238361027","716.00315120318","719.00443089931","722.00285729092","726.00125947301"
"Klickitat","039","50-54","11","Female","851.99834654859","829.99883778959","805.99767746933","781.99832486106","760.99864872712","739.9978731946","720.99834017407","702.9989797726","683.99894410364","667.99975124497"
"Klickitat","039","50-54","11","Male","802.99969457427","793.99913637705","782.99923538649","771.99954772853","764.00076583654","755.0002333032","748.00062927412","743.00127528992","737.00039452171","734.00026072231"
"Klickitat","039","55-59","12","Female","955.9977757225","935.99865369855","913.99685003654","891.99746612048","872.99701698279","853.99536270035","836.99518202999","821.99477460332","805.9952242315","791.99807378417"
"Klickitat","039","55-59","12","Male","896.99786254897","885.99873749558","872.99721764566","858.99798575288","848.99816848043","835.99719687797","829.99766655245","821.99832589634","815.9985347333","810.99970608465"
"Klickitat","039","5-9","2","Female","577.00160915083","577.99971125491","578.0015265583","577.00139347346","579.00366501673","580.0037403559","583.00413475792","587.00484158061","590.00290272511","595.00110377651"
"Klickitat","039","5-9","2","Male","630.00131975862","627.99957761065","626.0007649073","621.00055985816","621.00181023825","617.0009507648","620.00073792708","621.00082612733","620.99971446121","623.9998894566"
"Klickitat","039","60-64","13","Female","821.99795061207","842.99876463904","858.99665744106","875.99719304861","897.99616849772","915.99396739889","939.99354650342","961.99287759306","986.99363011631","1,013.99735362807"
"Klickitat","039","60-64","13","Male","858.99791325485","864.99876357792","869.99697479951","871.99751272886","879.99693098047","884.99511503633","895.99482076631","904.99443725293","915.99492050907","927.99797363182"
"Klickitat","039","65-69","14","Female","611.99814018437","645.99899205949","679.997161323","711.99759140729","746.99663688318","779.99472016498","816.99424189882","853.99359171219","891.99429762984","932.99789735737"
"Klickitat","039","65-69","14","Male","719.99797882107","743.99891712851","763.99693988813","783.99746549477","808.99644111949","830.99440080049","856.9939817055","882.99332131859","910.99415676596","940.99792449215"
"Klickitat","039","70-74","15","Female","447.99872572541","471.99926182552","494.99787474944","517.99814743566","541.99730094143","565.99571612433","589.99518733644","616.99467380859","643.99535096726","671.99828751432"
"Klickitat","039","70-74","15","Male","459.99863798749","493.99921058469","527.99756186105","560.99774810608","593.99629532902","626.99400972281","663.99293553953","700.99160462889","736.99278198167","775.99749493406"
"Klickitat","039","75-79","16","Female","319.99927245979","337.99947495778","352.99863347544","369.99876073603","385.99820350759","403.9970509112","420.99661871679","441.99586141146","458.99619829034","479.99846810668"
"Klickitat","039","75-79","16","Male","298.99898035407","319.99944092198","341.99832024193","361.9985302928","381.99777314031","403.99657323539","426.99621646844","449.99575019119","472.99633741368","497.99890563684"
"Klickitat","039","80-84","17","Female","214.99946111536","219.99966493498","222.99906476437","226.99919538429","231.99881161515","235.99811076562","241.99786337394","247.99748963179","251.99774703536","258.99903985441"
"Klickitat","039","80-84","17","Male","198.99939640132","207.99967318781","214.9990074622","221.99915676182","230.99871113083","238.99800750592","248.99774969978","258.99736046347","267.99771346904","276.99918172319"
"Klickitat","039","85+","18","Female","223.99945671302","220.9996664327","220.99925259036","217.99945805037","213.99949717338","211.99913837364","211.99917996099","210.99927484528","209.99905565336","210.99972600407"
"Klickitat","039","85+","18","Male","127.99961774694","129.99979435128","132.99940664857","134.99951498005","137.99927918896","135.99887569733","140.99858056423","143.99820103013","145.99833090953","149.99937452963"
"Lewis","041","0-4","1","Female","2,201.99796829874","2,205.99993460021","2,197.99960224286","2,180.99998151568","2,179.99949272635","2,175.00034976547","2,168.99991194751","2,179.000184148","2,174.99969183361","2,178.00082706339"
"Lewis","041","0-4","1","Male","2,382.99779142274","2,389.99992295262","2,381.99955633944","2,368.99998143571","2,368.99945464281","2,367.00038953563","2,363.99990996544","2,375.00020998806","2,374.99968639159","2,381.000933307"
"Lewis","041","10-14","3","Female","2,533.99775330649","2,543.99991468206","2,541.99964947745","2,529.99993697325","2,532.99933863695","2,529.00033761853","2,529.99989921858","2,542.00028665759","2,549.99965469138","2,560.00096710901"
"Lewis","041","10-14","3","Male","2,559.99773040065","2,584.99992916894","2,594.99965372401","2,597.99993930695","2,613.99931894724","2,625.00035926904","2,639.99990502644","2,667.00030711515","2,687.99965837159","2,715.00105722559"
"Lewis","041","15-19","4","Female","2,395.99786628213","2,400.99990966424","2,394.99966278017","2,379.99993342695","2,377.9993761881","2,370.00031455978","2,365.99988832521","2,373.00021242084","2,376.99965226185","2,384.00089558477"
"Lewis","041","15-19","4","Male","2,914.99735069287","2,899.99980693252","2,868.99922682355","2,829.99978561028","2,804.99921496883","2,776.00036210432","2,749.9996734395","2,736.00001068796","2,718.99948863676","2,705.00101331969"
"Lewis","041","20-24","5","Female","2,035.99813576193","2,036.9999370469","2,026.99964429501","2,008.99997859918","2,003.99953290011","1,995.00032503777","1,986.99992282484","1,989.00016473277","1,987.99973794972","1,990.00078456469"
"Lewis","041","20-24","5","Male","2,205.9979851459","2,206.99994038114","2,194.99959757319","2,177.99997955278","2,173.99950724051","2,161.00038003799","2,154.99991270029","2,156.00013849936","2,155.99972696909","2,157.00090690524"
"Lewis","041","25-29","6","Female","2,101.99807425853","2,113.99993408691","2,115.99963999364","2,110.99998175612","2,115.99950764979","2,118.00035062218","2,122.99993831602","2,138.00021390856","2,146.99976583557","2,161.00090993679"
"Lewis","041","25-29","6","Male","2,166.9980072534","2,179.99992252143","2,183.9995880179","2,180.99998191131","2,186.9995056576","2,189.00038072235","2,195.99992591416","2,211.00017826285","2,224.99974556378","2,240.00095309846"
"Lewis","041","30-34","7","Female","2,089.99813756","2,127.99995485445","2,153.99969977221","2,171.99997138302","2,202.99945689102","2,228.00033855316","2,255.99994496334","2,296.00027442592","2,329.99974457629","2,370.00097574661"
"Lewis","041","30-34","7","Male","2,110.99808974365","2,146.99992852883","2,174.99963721995","2,192.99996679643","2,222.99946378124","2,249.00034761999","2,277.99990460865","2,317.0001907964","2,352.9996944742","2,392.00096820654"
"Lewis","041","35-39","8","Female","2,080.99814728384","2,122.99993071861","2,153.99969513391","2,180.99994792237","2,214.99941972462","2,247.00029358573","2,280.99991918036","2,324.00031196704","2,366.99971227378","2,410.00092158241"
"Lewis","041","35-39","8","Male","2,038.99818504578","2,084.99993260688","2,120.999699546","2,149.99995272624","2,187.99942988634","2,222.00029553834","2,259.99993223122","2,307.00034154137","2,351.99974577941","2,400.00094559015"
"Lewis","041","40-44","18","Female","2,180.9981072044","2,201.99993174074","2,211.99974365765","2,211.99993259587","2,226.99938584084","2,236.00026135598","2,248.99992332147","2,271.00034636967","2,289.99972471302","2,313.00086204264"
"Lewis","041","40-44","18","Male","2,267.99800635494","2,285.99992775672","2,293.99972645492","2,294.99992978141","2,305.99935919937","2,312.0002591612","2,321.99991607585","2,343.00037869181","2,359.99970867588","2,380.00086106211"
"Lewis","041","45-49","10","Female","2,715.99766619714","2,679.99990343912","2,628.99976693523","2,569.99989158897","2,523.99924064904","2,474.00021027938","2,427.99990503781","2,392.00045042984","2,353.9997251894","2,318.0008331874"
"Lewis","041","45-49","10","Male","2,599.99776491865","2,572.99991154566","2,531.99976258324","2,482.99990396059","2,446.99927788815","2,406.00022713486","2,369.99992615081","2,344.00045835117","2,312.99976287905","2,286.00086460987"
"Lewis","041","50-54","11","Female","2,822.99756506337","2,782.99988319242","2,729.99975147478","2,666.99988500688","2,620.9992115004","2,568.00022253524","2,517.99991136387","2,481.00047797874","2,437.99972885253","2,401.00086649281"
"Lewis","041","50-54","11","Male","2,831.99757194665","2,799.9998797728","2,755.9997462252","2,701.9998799256","2,660.99919768916","2,615.00022277548","2,573.99989124588","2,545.00045215745","2,509.99969245938","2,479.00088587453"
"Lewis","041","55-59","12","Female","2,804.99758932474","2,822.99984602625","2,829.99978927754","2,823.99985408389","2,831.99910239968","2,836.0001858827","2,844.99987712713","2,866.00057031757","2,881.99966259799","2,903.00103662087"
"Lewis","041","55-59","12","Male","2,676.99770783102","2,690.99987033668","2,689.99980735047","2,680.99986079162","2,684.99913909202","2,687.00016138151","2,688.99989434192","2,704.00061225756","2,714.99971271948","2,730.00096214278"
"Lewis","041","5-9","2","Female","2,211.99800530521","2,246.99994221116","2,269.99966154135","2,285.9999661021","2,314.99942731247","2,336.00034556093","2,361.99991801445","2,401.00025745213","2,431.99968408327","2,469.00095743177"
"Lewis","041","5-9","2","Male","2,326.997891071","2,365.99992997506","2,392.99961868785","2,410.99996508334","2,440.99940575375","2,467.0003747669","2,496.99990398576","2,538.00023972434","2,574.99965176329","2,616.00101213658"
"Lewis","041","60-64","13","Female","2,524.99782891207","2,593.99983710797","2,649.99981092843","2,696.99984541763","2,756.99909729159","2,812.00014405679","2,870.99987854358","2,942.00066570948","3,008.99966638736","3,081.00106635825"
"Lewis","041","60-64","13","Male","2,590.99778692914","2,636.99984778536","2,668.99981604481","2,692.99984509842","2,728.9991064363","2,761.0001421657","2,795.99986686204","2,844.00060686141","2,886.99965062548","2,936.0010016644"
"Lewis","041","65-69","14","Female","2,132.99815380679","2,228.9998223865","2,313.9998067346","2,391.99983731412","2,478.99916292535","2,562.00007250591","2,648.99979571624","2,747.00047030748","2,841.99949827161","2,941.00082416525"
"Lewis","041","65-69","14","Male","2,035.99827067697","2,121.99986551827","2,198.9998639046","2,264.99985353301","2,344.9992005981","2,418.00007301171","2,493.99985130092","2,582.00054845914","2,666.99961122629","2,756.00082908532"
"Lewis","041","70-74","15","Female","1,551.99863311499","1,644.99982135643","1,730.99981591911","1,808.99986662365","1,896.99936731782","1,980.00006325066","2,066.99981822222","2,161.00032994244","2,254.99960119156","2,352.00066892297"
"Lewis","041","70-74","15","Male","1,563.99865130431","1,652.99985852636","1,730.99987228906","1,805.99987451746","1,887.99935534799","1,967.00005763469","2,046.99987066319","2,137.00045018853","2,223.99969369379","2,315.0007290313"
"Lewis","041","75-79","16","Female","1,232.9988837682","1,282.999836797","1,326.99984159837","1,366.99989494019","1,410.99952719542","1,455.00003316503","1,498.99985064386","1,552.00020858865","1,601.99967792724","1,654.00042404286"
"Lewis","041","75-79","16","Male","1,062.99907333542","1,114.99988769194","1,162.99989595943","1,204.99991037285","1,254.99956959004","1,301.00002491933","1,347.9998853625","1,402.00024548505","1,453.99974523878","1,507.00041478183"
"Lewis","041","80-84","17","Female","972.99907149314","984.99982742962","992.99982710066","996.99991669423","1,005.99967272263","1,014.00002800035","1,020.99987553743","1,037.000088852","1,046.9997554963","1,061.00024351712"
"Lewis","041","80-84","17","Male","779.99927667892","798.99988332209","814.99988993238","827.99993375158","843.99971770176","859.0000219458","874.99991504174","896.00012003057","914.99982485917","934.00025849911"
"Lewis","041","85+","18","Female","1,110.99887316882","1,103.99971032019","1,092.99974543678","1,077.9998897661","1,066.9996586748","1,053.00001920125","1,040.99982226244","1,036.99998347277","1,028.99968393761","1,023.00017855409"
"Lewis","041","85+","18","Male","630.99939914217","634.99987696754","636.99988703757","634.99994415433","636.9997970228","636.00002474132","638.99991449305","645.00001321265","647.99983160707","653.00016051843"
"Lincoln","043","0-4","1","Female","257.00103735949","257.9997797104","261.99995405313","254.99972441842","256.99978648891","261.99976794642","258.048922544","259.04962472395","265.05246325145","265.04699066528"
"Lincoln","043","0-4","1","Male","294.00117207426","292.99972192432","293.99997168552","285.99968783938","285.9996546889","286.99923745144","283.0526441447","281.05129107168","283.05165749994","282.05310754364"
"Lincoln","043","10-14","3","Female","368.00141366771","362.99980057736","356.99997493926","349.99953276836","343.99949693141","338.99911480564","333.0621592977","330.06060035642","325.05978352936","322.05945061127"
"Lincoln","043","10-14","3","Male","376.00145200007","376.99981429487","375.9999043799","375.99949339889","375.99947131131","376.99918693334","376.07060755922","378.06985097113","380.06978128177","383.07024599054"
"Lincoln","043","15-19","4","Female","321.00120325349","322.99993734658","323.99997237129","322.99963921334","324.99958122992","325.99930089075","328.06147871343","332.06128913787","334.06178376767","337.06271118799"
"Lincoln","043","15-19","4","Male","355.00133133036","352.99988327378","350.9999532466","347.99960819694","344.99955267806","344.9992912632","343.06438719983","343.06339081223","343.06312430826","344.06251100697"
"Lincoln","043","20-24","5","Female","176.0006584206","177.99984424241","179.99997567479","180.99989085433","181.99991791983","184.99988412387","187.0353917644","189.03549718902","192.03642059979","195.03600284022"
"Lincoln","043","20-24","5","Male","215.0007599852","212.99991089488","212.99999529122","209.99989866136","207.99992401893","206.99994676355","205.03899030821","205.03892238709","204.03933664613","205.03677352333"
"Lincoln","043","25-29","6","Female","212.00081039242","210.99982452184","208.99997151678","205.9998182476","203.99979075874","202.99958664271","202.03775999301","201.03696599574","199.03708952889","199.03552506794"
"Lincoln","043","25-29","6","Male","193.00074555623","194.99985737291","195.99998928491","195.99986107785","195.99983000941","197.99969028534","199.03744156274","201.03741021626","202.03803771143","205.03743899906"
"Lincoln","043","30-34","7","Female","229.0008920839","232.99979594321","236.99995456782","239.99973354757","242.99974656309","246.99954519231","253.04755262668","257.04798707467","262.0495217978","268.04542843569"
"Lincoln","043","30-34","7","Male","234.00088699407","236.99978840576","236.99994949565","238.99976335509","239.99979031779","242.99973615451","244.04620878977","247.04671289308","251.04904057643","254.04745998374"
"Lincoln","043","35-39","8","Female","245.0009760872","251.99984152008","257.99998572875","263.99967616601","269.99961554418","275.99928172085","286.05341199209","292.05383305528","300.05682103405","309.06094901627"
"Lincoln","043","35-39","8","Male","235.00090301311","238.9997989371","241.99996535321","244.99970652477","248.99968711698","251.99949068953","256.04809289544","262.04862624057","267.04990273574","272.04996319534"
"Lincoln","043","40-44","18","Female","277.00106651789","276.99987353795","275.99998134827","273.99966925379","272.9996349874","272.99935740577","273.05105204415","272.04993431746","275.05031358206","275.05089579548"
"Lincoln","043","40-44","18","Male","289.00111933615","291.99993601811","293.99996921178","294.99967794999","296.99964600749","299.99943555361","301.05659625688","306.05674684955","310.05746772531","315.05769408584"
"Lincoln","043","45-49","10","Female","368.00134997519","358.99994407022","347.9999694765","337.99969311086","326.99967268003","317.99950668062","310.0582873417","300.05566757566","291.05443940772","284.05325796433"
"Lincoln","043","45-49","10","Male","351.00131171757","339.99990167064","330.99997925048","319.99971371646","308.99970057417","298.99955038975","290.05466653967","282.05257271929","273.05145022996","266.05017653847"
"Lincoln","043","50-54","11","Female","472.00153591866","454.00005058063","434.99993664167","413.99974881996","394.99970820657","376.99953344228","359.06785893812","343.06418139215","327.06084829652","309.05525635819"
"Lincoln","043","50-54","11","Male","476.00161570076","459.00000952063","443.99992922791","423.99968152204","407.99963891862","391.99943774413","376.07080620508","360.06662783297","347.06352055238","332.06007646531"
"Lincoln","043","55-59","12","Female","466.00148549803","457.00017028039","449.99991610594","438.99984748527","430.9998303364","423.99985071215","415.07894540316","408.07688388642","403.07629105899","398.07306565107"
"Lincoln","043","55-59","12","Male","450.00137800482","443.00020647833","434.99990362723","425.99982204317","416.99978824285","411.99970913441","405.07675160116","398.07452189568","394.07388593336","389.07183751959"
"Lincoln","043","5-9","2","Female","339.00137530863","336.99968472937","332.99996844725","328.9995536378","323.99953446512","321.99914844784","320.05969459183","318.05853770962","317.05870520896","315.05872435672"
"Lincoln","043","5-9","2","Male","306.00122568027","304.99978789262","301.99997673281","300.99962703201","298.99960909981","297.99924355569","298.05558977239","297.05447872872","298.05421631046","298.05537513396"
"Lincoln","043","60-64","13","Female","423.00125406101","429.00006327345","434.99990907646","438.9997998705","443.99969644495","449.99940782912","456.08593300225","464.08603840291","473.08817534317","482.08998440774"
"Lincoln","043","60-64","13","Male","446.00135085808","451.00014882379","454.99987425424","456.99977793911","461.99965315749","465.99938153027","471.08896125538","478.08896006702","485.09076826613","492.09093326502"
"Lincoln","043","65-69","14","Female","343.0009174602","354.99989505424","366.99992925963","378.99993856415","386.9998719923","401.9998432893","414.07883512015","427.08078469542","440.08399142778","456.08458909181"
"Lincoln","043","65-69","14","Male","347.00103330992","363.00001018713","374.99996135202","387.99987219465","400.99981168283","416.99964021916","431.0816044423","447.08358701369","463.08697123893","479.08885959113"
"Lincoln","043","70-74","15","Female","270.00066050495","283.0000268187","296.99986517642","309.99994550426","320.99990980814","336.99978053235","349.06571240946","364.06724877041","380.07011052349","396.07090611758"
"Lincoln","043","70-74","15","Male","279.00066885229","292.0000085945","304.99991276865","316.99991514065","328.99981944375","341.99964246589","355.06703553551","370.0687436154","384.07137151053","400.0739779871"
"Lincoln","043","75-79","16","Female","203.00052546843","207.99981211617","211.99990260819","214.99994822268","218.99992443371","223.99989008299","229.04347480707","234.04385880014","239.04492272627","244.04456856348"
"Lincoln","043","75-79","16","Male","190.00047152768","198.99986760074","206.99991901736","214.99995656683","221.99991186187","230.9997643111","239.04503200454","248.04586075557","259.04798254079","268.04870392628"
"Lincoln","043","80-84","17","Female","149.00037038522","153.99987257905","157.99994244743","162.99996831922","166.99996702383","171.99996679115","177.03366891674","182.0342918634","187.03560175558","192.03512450662"
"Lincoln","043","80-84","17","Male","133.00033517749","135.99986512413","138.99994958124","141.99994412574","142.99990905595","146.99983397203","150.02836148323","155.02884711492","156.02928031023","161.02938715764"
"Lincoln","043","85+","18","Female","175.00042969604","171.99943870346","166.99983737508","160.99990676412","157.99995512056","151.00005134965","151.02884626051","149.02846246995","145.02841210696","140.02560282025"
"Lincoln","043","85+","18","Male","108.00027682009","107.99982737183","110.99994942627","110.9999579472","110.99996087522","108.9999636973","112.02123667967","113.02116140848","114.02150967497","117.02144462388"
"Mason","045","0-4","1","Female","1,560.99906367788","1,565.00018057696","1,566.99953063607","1,565.00017654397","1,567.00112191763","1,569.00102118365","1,568.00101131777","1,581.00085154343","1,590.00088343016","1,594.00050690606"
"Mason","045","0-4","1","Male","1,716.99921920932","1,709.00021316683","1,695.99952518694","1,677.00018761261","1,666.00114276272","1,651.0009937498","1,638.00097917759","1,636.00076131319","1,632.00076302966","1,621.00034663694"
"Mason","045","10-14","3","Female","1,704.99897929528","1,709.00009054541","1,711.99943604801","1,711.00013207518","1,714.00109939659","1,707.0008460432","1,714.0008434054","1,727.00046732077","1,738.00054060015","1,740.00022459667"
"Mason","045","10-14","3","Male","1,807.99897301691","1,815.00009459114","1,817.99940821029","1,820.0001261863","1,822.00112661259","1,819.00085383641","1,828.00087394782","1,842.00050622984","1,856.00058474826","1,859.00024575774"
"Mason","045","15-19","4","Female","1,720.9993144073","1,712.00012030261","1,699.99950362389","1,686.00013310605","1,674.00097908905","1,657.00066436776","1,649.00069106253","1,646.0003238202","1,644.00037120181","1,633.00009448373"
"Mason","045","15-19","4","Male","1,966.99917851071","1,954.00016323924","1,935.99941971434","1,917.00015590662","1,901.00119476542","1,876.00091474976","1,864.00093491946","1,858.00061029902","1,852.00069657937","1,835.00030979942"
"Mason","045","20-24","5","Female","1,345.99960833742","1,348.00016609449","1,346.99965982449","1,345.00015350847","1,346.00083936407","1,340.00064498201","1,343.00065565721","1,350.0004125467","1,357.00039006537","1,358.0001321433"
"Mason","045","20-24","5","Male","1,777.99888494516","1,772.00035066759","1,761.9994589037","1,750.00018977871","1,741.00151479494","1,724.00155822713","1,719.00143768332","1,719.00135894223","1,721.00141099235","1,713.00059217917"
"Mason","045","25-29","6","Female","1,587.99946110342","1,595.00015538507","1,596.9995439425","1,598.00013923208","1,601.00099868242","1,598.0007941087","1,607.00080227195","1,618.00048583995","1,630.0005155587","1,634.00014677608"
"Mason","045","25-29","6","Male","1,943.99888633088","1,957.0003590139","1,963.99943228443","1,972.00018998335","1,979.00149025823","1,981.00138453012","1,995.00132624007","2,015.00128529398","2,035.00132367426","2,044.00053591651"
"Mason","045","30-34","7","Female","1,465.99975104542","1,504.00013685083","1,538.99959470527","1,573.0001188649","1,610.00087889679","1,638.00061130447","1,679.00066648387","1,724.00028482764","1,768.0003269765","1,802.9999536079"
"Mason","045","30-34","7","Male","1,904.99898613203","1,933.0002823946","1,954.99939644976","1,977.00015371024","2,000.00148914795","2,016.00143933218","2,046.00140823406","2,081.00136516281","2,115.00149173383","2,140.00064498143"
"Mason","045","35-39","8","Female","1,576.99998903407","1,611.00010339576","1,638.99960869139","1,668.00011473377","1,698.0007536483","1,722.00032538844","1,757.00046790082","1,797.00011672838","1,837.00019211965","1,867.00006154651"
"Mason","045","35-39","8","Male","1,825.99962761644","1,861.00022524602","1,890.99946905168","1,918.00011409006","1,949.00124958374","1,973.00108948309","2,009.00113386555","2,051.00098489425","2,093.00113392153","2,123.00037529329"
"Mason","045","40-44","18","Female","1,657.99995584857","1,664.00006655419","1,662.99958239461","1,663.00006758641","1,665.0005804873","1,660.99999470092","1,668.00011329856","1,677.9996735811","1,689.99973716552","1,691.99978863484"
"Mason","045","40-44","18","Male","1,890.00032038297","1,901.00018504876","1,906.99956658984","1,913.00007962012","1,922.00082855771","1,923.00034403559","1,936.0005171151","1,955.00026164243","1,973.00042256259","1,981.0000219633"
"Mason","045","45-49","10","Female","2,168.00091023802","2,115.00008915606","2,056.99959696909","1,998.00009409531","1,940.00056326289","1,876.99984986348","1,826.00005206522","1,779.99951905762","1,733.99963533736","1,676.99962499427"
"Mason","045","45-49","10","Male","2,220.00039773915","2,191.00016968023","2,156.99951508971","2,123.00010739702","2,090.00085948843","2,048.00022757435","2,022.00036293229","2,001.99987524271","1,979.99998535524","1,946.9996942355"
"Mason","045","50-54","11","Female","2,302.00219624719","2,264.00011945704","2,221.99974399743","2,177.00011650579","2,136.00035113395","2,085.99943138426","2,051.99979905965","2,019.99923036423","1,988.99939568694","1,949.99948638665"
"Mason","045","50-54","11","Male","2,481.00117136859","2,431.00014246937","2,373.99956368913","2,315.00010496754","2,260.00065058927","2,194.9997801067","2,147.00001106318","2,102.99937711576","2,059.99954516355","2,003.99939631155"
"Mason","045","55-59","12","Female","2,546.00335254463","2,542.00014609985","2,530.99986814718","2,519.00015726026","2,509.00012611919","2,490.99880186368","2,488.99933452202","2,493.99852917332","2,496.99872356577","2,488.99905945875"
"Mason","045","55-59","12","Male","2,452.00274441407","2,446.00010926282","2,432.99974590188","2,422.00010176035","2,409.00030304668","2,389.99917339009","2,385.99960265808","2,387.99881560734","2,390.99904520538","2,380.99910924379"
"Mason","045","5-9","2","Female","1,607.99911415071","1,619.00011820429","1,624.99947392104","1,629.00013686962","1,637.00110271073","1,639.0009293845","1,650.00092061812","1,667.00061363928","1,683.0006494186","1,691.00030398614"
"Mason","045","5-9","2","Male","1,748.99904387471","1,753.00013695002","1,751.99944232321","1,750.0001401416","1,752.00113619397","1,746.000910852","1,750.00089905614","1,761.00055199433","1,772.00061454588","1,773.00025138116"
"Mason","045","60-64","13","Female","2,336.00378345552","2,373.00013369954","2,403.99998553384","2,435.00018503111","2,467.99996674723","2,489.998490328","2,530.99908036093","2,576.99815425389","2,623.99833267487","2,656.99882791248"
"Mason","045","60-64","13","Male","2,268.0033514154","2,321.00009940273","2,369.99990817045","2,417.00013667293","2,465.00001407985","2,504.99857866938","2,560.99912403887","2,623.9981524289","2,686.99835047747","2,736.99871911051"
"Mason","045","65-69","14","Female","1,918.0034503762","1,998.0001183014","2,073.00007377662","2,146.00020132656","2,221.99982942464","2,287.99829241323","2,369.9988547649","2,458.99787517881","2,546.99794860371","2,623.99866795675"
"Mason","045","65-69","14","Male","1,804.0033387727","1,891.00010508515","1,972.00008899251","2,053.00017138313","2,135.99973369365","2,208.99818616223","2,298.99877182285","2,393.99784650021","2,489.99796787188","2,571.99866017442"
"Mason","045","70-74","15","Female","1,405.00273681887","1,490.00010150992","1,570.0001062392","1,651.00018468316","1,730.99982396636","1,805.99853621409","1,890.99897900146","1,983.99814447738","2,075.99820078125","2,156.99883091361"
"Mason","045","70-74","15","Male","1,437.00283368836","1,511.00009043993","1,583.00010947894","1,652.00016570089","1,723.99977969512","1,787.9985123618","1,862.99900651001","1,943.99826886694","2,026.99836456869","2,097.99900967624"
"Mason","045","75-79","16","Female","969.00175801084","1,019.00008021145","1,066.00007863803","1,113.00014877151","1,158.99990879008","1,202.99904086823","1,254.99933888851","1,306.99876845457","1,363.99877946053","1,409.99922781258"
"Mason","045","75-79","16","Male","1,037.00228193651","1,072.00006507324","1,105.00011835664","1,136.00011756856","1,167.99976254104","1,196.99885384054","1,231.99923182121","1,270.99874688929","1,310.99882042197","1,342.99930525695"
"Mason","045","80-84","17","Female","751.0017880674","765.00008256799","776.00011880702","788.00013742599","800.99994350708","807.9994028055","821.99965698843","839.99938096012","856.99940755192","869.99969926221"
"Mason","045","80-84","17","Male","673.00157204059","692.00005109306","706.00008939785","724.00009361314","738.99987888731","753.99930784723","772.99952671115","792.9991906133","811.9992323962","830.99951969164"
"Mason","045","85+","18","Female","674.0019123553","677.0000988692","680.00016074271","686.00017833425","688.00001647755","688.99958615611","692.99981117494","699.99960224614","710.99960632743","712.99983211195"
"Mason","045","85+","18","Male","444.001063593","455.00004938831","462.00007554335","469.00008794947","476.99996168488","480.99962789514","492.99977337268","502.99960695436","514.9996102308","520.99979292664"
"Okanogan","047","0-4","1","Female","1,361.90706821913","1,338.98159992858","1,312.9643978544","1,284.96208002272","1,265.96708491455","1,234.96224941854","1,216.97622254748","1,192.98111341413","1,161.97578632898","1,140.98365499724"
"Okanogan","047","0-4","1","Male","1,442.94039749579","1,412.98220047901","1,378.96437245352","1,343.96094868464","1,317.9655106767","1,277.96044277956","1,250.9743850382","1,221.98021329693","1,181.97488928571","1,152.9824795731"
"Okanogan","047","10-14","3","Female","1,231.95237603009","1,248.9916287304","1,263.9829165005","1,277.97983360383","1,294.98003337782","1,310.97312515847","1,326.97986423165","1,341.98101122242","1,358.97143823478","1,372.97703195966"
"Okanogan","047","10-14","3","Male","1,383.93750180415","1,387.98749160352","1,388.97571871721","1,390.97382031021","1,395.97653162995","1,397.97175821554","1,402.98123860783","1,402.98386932835","1,404.97751941147","1,407.98313635057"
"Okanogan","047","15-19","4","Female","1,299.91589168166","1,285.9867715975","1,266.97546583292","1,248.9749371826","1,233.97924800901","1,216.9763215075","1,201.98501211614","1,185.98989764009","1,167.98972507481","1,149.99342636378"
"Okanogan","047","15-19","4","Male","1,372.94879773422","1,371.98647066439","1,366.972195029","1,362.9679156346","1,361.9700580143","1,357.96260491921","1,357.97394479664","1,351.97766391573","1,348.96872009237","1,345.97634837625"
"Okanogan","047","20-24","5","Female","961.93159219103","944.988141031","925.97661224097","905.97440012117","889.97751527695","870.97321055472","854.98333341865","833.98526897868","815.97941629976","797.98525122563"
"Okanogan","047","20-24","5","Male","1,059.89968880603","1,059.98428407119","1,057.96779376787","1,054.96263950661","1,054.96436812247","1,052.95385576279","1,053.96488393395","1,050.97192030324","1,048.96648810118","1,046.97463793382"
"Okanogan","047","25-29","6","Female","1,054.94185358223","1,046.98992219686","1,035.98019211729","1,026.97801955542","1,016.98019398048","1,007.97573320647","999.98444254371","989.98580055164","979.97986135628","968.98562894087"
"Okanogan","047","25-29","6","Male","1,100.9282817456","1,110.98726927395","1,118.97298422921","1,126.96682762133","1,136.96612848229","1,144.95419642348","1,155.96253694327","1,161.9718762758","1,171.96866323433","1,178.97539054713"
"Okanogan","047","30-34","7","Female","1,040.97459393736","1,048.99487157076","1,054.99073758515","1,060.9903555868","1,068.99171088872","1,075.99050820242","1,084.99481533314","1,089.99498492247","1,096.99109280672","1,101.99309843531"
"Okanogan","047","30-34","7","Male","1,104.97128472738","1,126.99052865837","1,146.97976084403","1,165.97517993701","1,187.97477079919","1,207.96600040218","1,230.97247789381","1,250.98069133181","1,271.9798108012","1,289.98364372889"
"Okanogan","047","35-39","8","Female","1,130.97501097553","1,137.99578449963","1,141.99282768105","1,146.99280185161","1,152.99383298062","1,157.99359893041","1,164.99664595923","1,168.99689625102","1,174.9939272769","1,178.99562150458"
"Okanogan","047","35-39","8","Male","1,128.96406119399","1,140.9930923984","1,150.98708264626","1,162.98577579743","1,174.98654437368","1,186.98260030073","1,200.98665210241","1,209.99014948551","1,219.98847861754","1,230.99080185818"
"Okanogan","047","40-44","18","Female","1,132.99404493866","1,133.99772217109","1,131.99636295107","1,129.99646719311","1,129.99660845973","1,129.99555258033","1,128.996280398","1,126.99894185233","1,126.00088949961","1,125.00035752864"
"Okanogan","047","40-44","18","Male","1,162.01465813987","1,163.99803967785","1,162.99498150577","1,161.99266466415","1,164.99124332216","1,163.9865400326","1,166.98891807085","1,165.98973040698","1,165.98416865707","1,165.98641109207"
"Okanogan","047","45-49","10","Female","1,410.00855528293","1,381.00100404999","1,350.00292000973","1,318.00374835237","1,290.003865726","1,258.00478753807","1,230.00436984871","1,198.00292083218","1,167.00199887494","1,137.00089729764"
"Okanogan","047","45-49","10","Male","1,342.00905923574","1,323.00113025189","1,300.00288726882","1,277.00302534168","1,258.00199487073","1,236.00125021355","1,216.00064360775","1,192.9995444255","1,171.9972610598","1,150.99682068684"
"Okanogan","047","50-54","11","Female","1,674.06235540895","1,627.01070398937","1,577.02190056338","1,528.02404112828","1,480.02113067869","1,431.02435729855","1,384.0168932409","1,333.0131645036","1,284.01518623487","1,234.00998145978"
"Okanogan","047","50-54","11","Male","1,573.05976165485","1,538.00794644958","1,500.01559862974","1,463.01590584074","1,427.01250294057","1,391.01261031954","1,356.00732516492","1,318.00412230299","1,282.00152256111","1,243.99893843204"
"Okanogan","047","55-59","12","Female","1,684.08909827402","1,657.01525163799","1,628.03017737805","1,601.03234699214","1,573.02726983491","1,545.02931601465","1,519.01894964352","1,489.0134919973","1,460.01265528478","1,431.00586220458"
"Okanogan","047","55-59","12","Male","1,669.05945003371","1,641.01269094128","1,612.02611122441","1,581.0287962931","1,553.02506616206","1,523.02813756385","1,497.01861748514","1,466.01506692641","1,436.01883429757","1,406.0120602455"
"Okanogan","047","5-9","2","Female","1,235.95874163093","1,233.98918982151","1,229.97831605123","1,224.97592443844","1,222.97835862757","1,218.97454529417","1,217.98349008946","1,213.98479086735","1,209.97664134102","1,204.98257773857"
"Okanogan","047","5-9","2","Male","1,294.9578068381","1,297.98909188431","1,298.97777547838","1,300.97458055297","1,305.97628840284","1,305.97050693508","1,310.97982355698","1,309.98166770493","1,313.97247155205","1,313.97870023396"
"Okanogan","047","60-64","13","Female","1,558.06733609249","1,582.01675850155","1,601.03644645973","1,621.0428811374","1,644.04021080828","1,664.04930134264","1,689.03613493713","1,708.03041654192","1,730.03979118439","1,749.02948411638"
"Okanogan","047","60-64","13","Male","1,636.09533089615","1,638.01853081509","1,638.03877839054","1,639.04374478353","1,641.03969833312","1,642.04723815478","1,646.03306074016","1,644.02777802938","1,644.03497653891","1,645.0238848115"
"Okanogan","047","65-69","14","Female","1,139.04602070859","1,202.01327669929","1,260.03109274532","1,319.03908697547","1,380.03948473616","1,440.05200476669","1,502.04007162528","1,560.03610905734","1,622.05025251005","1,680.03864675786"
"Okanogan","047","65-69","14","Male","1,271.07897939388","1,324.01529536016","1,374.03256283616","1,424.03789320521","1,478.03528280569","1,528.04288712747","1,582.03031738162","1,630.02754429413","1,683.03869963419","1,732.02786444215"
"Okanogan","047","70-74","15","Female","842.03913591576","894.00849709746","943.02015260841","993.02570532562","1,045.02611930984","1,095.03468261215","1,147.02662545072","1,196.02299641979","1,246.02984780802","1,297.02186748888"
"Okanogan","047","70-74","15","Male","932.05359980136","991.0105645286","1,043.02490250545","1,100.03225610027","1,158.03339009572","1,212.0452487393","1,271.03684952051","1,325.03119801916","1,382.04020415751","1,436.0299029072"
"Okanogan","047","75-79","16","Female","639.01984010524","665.00434031383","689.01027702018","713.0130724043","738.01329793182","765.01748428575","789.01406420712","813.01191455182","838.01475792788","862.01085524794"
"Okanogan","047","75-79","16","Male","622.03276117544","655.00576739918","684.01345613748","717.01685880953","749.01663251155","779.02141904144","812.01647746904","841.01391165867","874.01741311254","903.01221979815"
"Okanogan","047","80-84","17","Female","476.0143211115","479.00303125637","481.00666158491","485.00788985158","487.00752071939","490.0094153647","493.00746287835","494.00647138582","498.00878126012","500.0067551449"
"Okanogan","047","80-84","17","Male","366.02394209991","384.00424124245","402.00940361803","419.01135511677","438.01103358797","454.01407300128","474.01087559268","491.0093930678","508.0121519039","526.00874240577"
"Okanogan","047","85+","18","Female","496.03716415374","501.00449045487","502.00878026267","506.00941547792","509.0081011836","518.00898217444","520.00604148376","522.00606119609","526.00951724266","527.00697863677"
"Okanogan","047","85+","18","Male","287.02163699116","297.00337875585","303.00739728192","312.0088045918","320.00836742443","332.01045381448","338.00725212052","345.00740705183","354.01116043298","360.00803953027"
"Pacific","049","0-4","1","Female","459.99445528939","451.99959136574","448.99985417713","435.99964324194","433.00035354324","425.00063414885","417.99960890388","410.99962777275","402.99926595804","393.99823764168"
"Pacific","049","0-4","1","Male","534.99667844461","530.99973358789","526.99981326294","516.99964134028","514.00031932832","510.00068524506","504.99955375769","499.99965585255","492.99926699749","488.99813709622"
"Pacific","049","10-14","3","Female","509.99862772207","518.99992062873","526.99979270064","536.99961584822","544.00021884605","552.00060168646","561.99948104501","571.99961403673","580.99903748778","589.99746460252"
"Pacific","049","10-14","3","Male","505.99614315544","516.99980915997","527.99980873488","537.99959316821","548.00041897395","559.00091720604","570.99945770648","582.99914890426","595.99862377362","606.99678965431"
"Pacific","049","15-19","4","Female","503.99511921112","505.99976447874","507.99983571446","509.9996142958","512.00036740743","515.00077782506","517.99956580159","521.99963555328","523.99936039174","525.99841403724"
"Pacific","049","15-19","4","Male","667.9934350772","670.99965326122","675.99987574407","680.99955929674","685.00060668261","689.00117139054","693.99920605626","701.99875359622","705.99802165178","711.9963619441"
"Pacific","049","20-24","5","Female","418.99864913813","414.99995328336","412.99984283523","408.99972217589","405.00012972694","402.00037263486","399.99965657961","396.99991013014","395.9995516606","391.99866718435"
"Pacific","049","20-24","5","Male","469.99652901709","466.9997530519","463.999879018","460.99969752823","458.00036214194","456.00072584759","453.99974323525","451.0002019007","449.00030291607","447.99967363737"
"Pacific","049","25-29","6","Female","436.99969639214","432.99999998343","430.99982371244","427.99970637286","425.0001415708","422.00042111417","419.99964668814","417.9998929968","414.99951722716","412.99846025939"
"Pacific","049","25-29","6","Male","466.99530136037","462.99977687165","460.99983965912","459.99966416067","458.00018623966","454.00046226915","451.99960151031","449.99980449685","448.99935963305","445.99829011004"
"Pacific","049","30-34","7","Female","421.99748381772","433.99992540832","443.99984341662","455.9996820476","467.00029190021","477.00067053654","489.99958973933","501.99952303251","513.99908003958","524.99751642922"
"Pacific","049","30-34","7","Male","491.9944639936","494.99967948821","499.99987127826","503.99964644163","507.00038313201","510.00071982561","514.99957692659","519.99971425805","523.99928361525","528.9979849436"
"Pacific","049","35-39","8","Female","456.99976187376","468.00017349457","477.99974880334","488.99964852844","499.00000413538","511.00034462642","520.99956792949","531.99992049147","542.99943451578","553.99814386058"
"Pacific","049","35-39","8","Male","440.00017343059","454.00012488855","469.99978790775","485.99967459542","500.00006391284","515.00041372296","531.99954908523","547.99983746517","564.99929235214","577.99787614605"
"Pacific","049","40-44","18","Female","535.99858388962","535.00018559102","533.99974248329","532.99962952521","530.99999139005","531.00032061061","528.99958456848","528.99999015451","528.99946043915","527.99813205834"
"Pacific","049","40-44","18","Male","555.00023797438","559.00018690886","562.99977560851","565.99963691812","569.00015599285","572.00059260985","577.99954712824","581.99971874261","587.99920253451","590.99767874488"
"Pacific","049","45-49","10","Female","664.0014339148","653.00043263919","644.99974458512","632.99961059369","623.00004229627","613.00047496414","604.99951212513","594.99982177284","585.99925812361","574.99789878438"
"Pacific","049","45-49","10","Male","665.99863558619","658.00017885378","649.99977639937","641.99958629716","633.00012360674","625.00051628777","617.99949698192","610.99990524959","603.99927978694","596.99772824994"
"Pacific","049","50-54","11","Female","828.00160045678","813.0005947572","798.99963958962","785.99950642338","771.9998365307","758.00030019131","743.99949376256","732.00043006348","718.99987502939","705.99841142467"
"Pacific","049","50-54","11","Male","792.00230621115","780.00055959985","768.99966231934","757.99954040467","746.99990895654","735.00039399651","725.99945410742","716.00002692883","706.99930635904","696.9976960151"
"Pacific","049","55-59","12","Female","1,026.00414146136","1,012.0012613717","998.99952679175","984.99943891122","970.99953101594","957.00009060788","944.99940892026","933.00061614764","921.99963828303","908.99746671166"
"Pacific","049","55-59","12","Male","962.00263957943","947.00099899645","932.99958713585","918.99945952064","904.99970991265","893.00024387934","878.99940779829","867.00036121829","854.99944041128","840.99730606302"
"Pacific","049","5-9","2","Female","478.99921106295","485.00006116336","493.99978442358","502.99966018489","510.00016019593","518.00055447335","526.99955200987","534.99966981953","544.99912234685","551.99749768673"
"Pacific","049","5-9","2","Male","498.99743131651","497.99987509728","497.99980253543","498.99965048373","500.00021570923","499.00054688061","499.99955798958","499.99976083256","501.99931527276","501.99806801897"
"Pacific","049","60-64","13","Female","998.00486306777","1,014.0013034896","1,029.99965322593","1,045.99946377928","1,062.99962911347","1,078.00022599412","1,094.99940336413","1,112.0009954524","1,133.00000666386","1,147.9973329646"
"Pacific","049","60-64","13","Male","945.00420869798","952.00113186656","958.99963062451","966.99948943941","972.99960963112","982.00014226389","990.99940468589","998.00070635752","1,006.9996758952","1,015.9972559323"
"Pacific","049","65-69","14","Female","872.0063095931","921.00138403169","968.99967765346","1,017.99954997091","1,064.99940548948","1,114.99996526141","1,164.9994132711","1,215.00122414297","1,266.00000039831","1,314.99698517802"
"Pacific","049","65-69","14","Male","853.00616590531","888.00134461485","924.99965913882","961.99953126715","995.99945487434","1,033.00000457805","1,068.99938589657","1,107.0009407489","1,143.99971113902","1,179.99681065462"
"Pacific","049","70-74","15","Female","640.00419747608","683.00093807673","727.99974066715","770.99963180206","813.99960927855","856.00007197666","901.99953810064","946.00085901083","990.99988237793","1,034.99708566611"
"Pacific","049","70-74","15","Male","649.0040438778","688.0008658912","725.99977354771","763.99963254449","802.99971746178","841.00017869036","881.99961827264","921.0009747462","960.00009905646","997.99708636274"
"Pacific","049","75-79","16","Female","472.00259116274","493.00059847462","513.99980468604","533.99971212507","552.99975925989","575.0000481582","595.99974405624","617.00087273722","640.00045847364","659.99877351307"
"Pacific","049","75-79","16","Male","449.00262358601","469.0006516536","486.99982895756","507.99975894506","527.99972120621","547.00000977746","567.99972668372","586.0006390151","608.00013568515","626.9989128482"
"Pacific","049","80-84","17","Female","333.0018899641","336.00039943055","341.99987991478","342.99983924239","347.99986227241","352.00006201797","356.9998222905","360.00032328379","365.00003868649","368.99933827756"
"Pacific","049","80-84","17","Male","320.0024545833","323.00045161659","327.99987670921","330.9998305418","334.99984619383","339.00004005842","342.99987758176","348.00061141196","351.00057186048","356.00022470902"
"Pacific","049","85+","18","Female","375.00337075956","369.00052381306","358.99988610046","354.99984063656","346.99988067095","337.00009768451","331.99980711905","326.00020906979","318.99997504655","310.99949867369"
"Pacific","049","85+","18","Male","220.0015419313","222.00021311121","223.99992995034","227.9998914043","229.99998142121","228.00020095361","233.00043832885","235.00410260672","239.01514792225","242.06779392161"
"Pend Oreille","051","0-4","1","Female","356.99875368298","347.99970274352","343.00106956037","330.00187092081","320.00229507995","310.00251422123","299.00156294963","292.00179252647","278.00065037256","273.00048635164"
"Pend Oreille","051","0-4","1","Male","340.9988788458","332.99974463507","332.00133214669","326.00233473183","319.00293801617","313.00322534011","305.00207913059","301.00253397896","292.00110950809","292.00125236615"
"Pend Oreille","051","10-14","3","Female","407.99849129304","405.99972794722","402.00105291338","398.00177596395","394.00214977791","391.00235221981","387.0017012276","383.00186164817","380.00136528928","378.00136053834"
"Pend Oreille","051","10-14","3","Male","459.99837552588","457.99981994256","456.00177423826","453.00306836088","450.00397466857","448.00484244277","444.00336473738","442.00458096302","440.00168400641","439.00292721033"
"Pend Oreille","051","15-19","4","Female","381.9985022634","377.99956022296","374.00022103139","368.00085358707","363.00151298193","357.00217951817","353.00178996299","349.0022801935","343.00073954836","341.00028933028"
"Pend Oreille","051","15-19","4","Male","408.99844897341","410.99936833431","411.99968910386","412.9998701233","415.00022065943","416.00072398324","417.00121142739","418.00170678533","421.00166020243","422.00244865432"
"Pend Oreille","051","20-24","5","Female","244.99929007075","243.9997413171","242.00106938083","239.00200425668","236.00255006542","234.00270096684","231.00157621026","229.00175585286","228.00057946917","225.00062169403"
"Pend Oreille","051","20-24","5","Male","242.99908418525","244.99985817958","246.00051416212","247.00078691315","249.00076460714","250.00060138872","250.0004994972","252.00031341519","253.00081594932","254.00128333778"
"Pend Oreille","051","25-29","6","Female","259.99913155221","259.99984108709","257.00092249375","256.00131148663","254.00120583016","252.00106085599","249.00039414852","249.00001455741","246.99978204518","245.00050535045"
"Pend Oreille","051","25-29","6","Male","250.99907107628","252.99981993619","256.00078039949","258.00129184209","259.00141725798","260.00140617705","263.00098796105","265.00083346574","267.00065389011","268.00062935804"
"Pend Oreille","051","30-34","7","Female","269.99895159345","271.99975055555","274.00053026005","275.00080791956","277.00086925614","277.000897199","280.00070697752","281.00066336792","284.00073636312","286.00067803808"
"Pend Oreille","051","30-34","7","Male","262.9989984004","264.99979691529","268.00062239201","269.00120081224","269.0016837783","272.00219403107","274.00171889144","275.00223559826","277.00115471732","279.00150179396"
"Pend Oreille","051","35-39","8","Female","316.99878873236","321.99952607578","324.99996106309","326.00028938408","330.00073787702","332.00139911641","336.00138816345","340.00190104559","343.00098826674","346.00142825677"
"Pend Oreille","051","35-39","8","Male","326.99874217914","328.99960538133","329.00009191123","331.0002072834","331.00019783343","331.00027061655","333.00046448336","334.00033882441","336.00118617447","337.00132687636"
"Pend Oreille","051","40-44","18","Female","360.9985536298","358.99973133512","356.00020316473","352.00020185557","349.00009248502","347.00004529412","344.00023740036","340.99987778649","339.00050902321","336.99994115919"
"Pend Oreille","051","40-44","18","Male","368.99849456891","365.99952791173","363.00002209066","359.00005005405","356.00005978722","351.00023611048","348.00034507182","346.00000905071","342.000047123","340.00005598514"
"Pend Oreille","051","45-49","10","Female","503.99800087608","491.99943390869","478.99979501543","463.99977895586","449.99986972641","438.00015762446","422.00064934087","409.00084223692","397.00159009955","384.00228900068"
"Pend Oreille","051","45-49","10","Male","489.99809781901","475.99931705276","462.99951677892","447.99954509013","430.99985816974","417.00034876571","402.00075470879","389.00087424767","375.00123395526","361.00146982515"
"Pend Oreille","051","50-54","11","Female","581.99759705645","562.99926037638","545.99926586091","526.99867869851","507.99837405728","488.99845782964","470.99941667281","452.99882453815","434.00016686779","416.99948617037"
"Pend Oreille","051","50-54","11","Male","560.99758162826","546.99929590361","531.99914486916","515.99859321975","500.99839870987","484.99882362165","470.0000056977","455.99993670862","441.00120289041","427.00134172672"
"Pend Oreille","051","55-59","12","Female","588.99740972014","587.99920774627","585.99889960167","580.9979683086","577.99743115379","573.99760430147","571.99902401456","568.99818447063","566.99999830867","565.99916708591"
"Pend Oreille","051","55-59","12","Male","654.99724244679","643.99894851777","630.99840353915","616.99741185205","603.99705013376","590.99739074907","579.99923714287","566.99877153359","554.00124867197","542.00121058573"
"Pend Oreille","051","5-9","2","Female","309.99884935203","313.99957008859","318.00003411412","320.00026096586","323.00047232971","326.00075982582","329.0007415145","332.00096104207","335.00081462749","339.00088646392"
"Pend Oreille","051","5-9","2","Male","385.99861776339","382.00000088349","374.00220200678","366.00344117325","361.00400169749","354.00425579918","347.00266990811","343.00327985502","336.00121271908","330.00199184942"
"Pend Oreille","051","60-64","13","Female","563.99744440701","573.99914255278","584.99856881018","593.99714329942","602.99631045644","611.9963619987","619.998439382","630.99743951159","640.00057959647","650.99956841377"
"Pend Oreille","051","60-64","13","Male","611.9971574288","615.99926219381","618.99886422001","620.99765696622","624.99691197769","625.99699146902","627.99890260741","631.99798262448","634.00111640617","641.00080571358"
"Pend Oreille","051","65-69","14","Female","469.9978881885","484.99933950944","499.99897122441","513.9978663544","526.9971031636","540.99704552121","554.99866470275","568.99768740262","583.99978335221","598.9990665436"
"Pend Oreille","051","65-69","14","Male","462.99790061448","482.99937241425","503.99912530856","521.99810673647","540.99738111546","559.99738737994","578.99874690921","598.99768777035","618.99971566305","637.99934674812"
"Pend Oreille","051","70-74","15","Female","274.9987561964","298.99960873995","320.99938133321","341.99856835709","364.99783115586","386.99755650028","408.99853099046","430.99749120173","454.99949602941","477.9988365695"
"Pend Oreille","051","70-74","15","Male","332.99842454789","356.99954486668","380.99917577829","403.9981700338","426.9973450793","450.9970814073","473.99852248452","497.99746132029","522.00013036383","546.99941472852"
"Pend Oreille","051","75-79","16","Female","211.99902483792","228.99935483101","245.99914799446","259.99824385502","277.99742668917","293.99752457275","308.99721342004","325.99479701484","342.99306021742","358.99248377588"
"Pend Oreille","051","75-79","16","Male","211.99904515325","227.99961007837","241.99950772632","255.99897316688","271.99861058796","285.9986144721","300.99932155642","314.99876714693","331.99962053239","345.00014952546"
"Pend Oreille","051","80-84","17","Female","134.9993651035","135.99950891078","137.99934523198","139.99886337553","140.99858420862","141.99880070914","143.9989605654","144.99824821639","145.99816434074","149.99847539626"
"Pend Oreille","051","80-84","17","Male","127.9993960539","133.99959949314","139.99939349898","145.99884588652","151.99851188996","155.9985723738","161.99915986014","168.99868482938","173.99949239084","180.99945692628"
"Pend Oreille","051","85+","18","Female","166.99912544237","172.99896638209","170.99899825293","173.99807263273","180.99731276471","176.99789535063","183.99714092638","186.99520888545","193.99265194973","191.99433249138"
"Pend Oreille","051","85+","18","Male","89.99951879419","93.9995330287","95.99940253286","98.99888557214","101.9985449808","102.9987202511","108.99886934836","110.99817039071","114.99805908109","116.99848414609"
"Pierce","053","0-4","1","Female","27,248.99851678026","27,211.99620532614","27,080.99438628352","26,977.99699067015","26,959.99892117816","26,928.00070503535","27,095.00118753608","27,203.00262596994","27,260.0016069764","27,321.00141728877"
"Pierce","053","0-4","1","Male","28,413.99845990051","28,383.99606822758","28,257.994170109","28,160.99690787943","28,152.9988828388","28,130.00071314038","28,317.00122632214","28,436.00268278358","28,505.00163151239","28,583.00131036174"
"Pierce","053","10-14","3","Female","26,798.99866777339","27,063.99845044534","27,230.99827557469","27,423.99921235939","27,710.99875688754","27,969.99976077294","28,446.00048847553","28,855.00190677648","29,213.00165857563","29,585.00013127934"
"Pierce","053","10-14","3","Male","28,038.99860175672","28,288.99836315378","28,435.99819152539","28,612.99920301375","28,883.99871696028","29,128.99974388226","29,598.00048605718","29,998.00196594693","30,345.00169984004","30,707.00006706032"
"Pierce","053","15-19","4","Female","27,390.99873012131","27,382.99885934786","27,277.99800220674","27,203.99813149883","27,219.99713441576","27,214.99786766521","27,415.99754972067","27,551.9987318076","27,635.99853784405","27,732.9968046709"
"Pierce","053","15-19","4","Male","28,897.99862570734","28,960.99881013788","28,916.9978377735","28,907.99810047923","28,993.99700848597","29,053.99799267591","29,337.99770460375","29,552.9991039457","29,710.99874975406","29,885.99685726769"
"Pierce","053","20-24","5","Female","27,566.99858535595","27,638.99618934205","27,610.99262354696","27,614.99461500932","27,710.99675313598","27,780.99886227352","28,064.99802035535","28,281.99938359639","28,447.99749288969","28,626.99760468059"
"Pierce","053","20-24","5","Male","28,635.9986375488","29,052.99607555443","29,364.9898254338","29,705.9910996515","30,140.99298839055","30,550.99617437603","31,195.99370832669","31,770.99587167015","32,288.99306245724","32,821.99360542908"
"Pierce","053","25-29","6","Female","29,449.99839057723","29,687.99568525863","29,816.99300622673","29,978.99587947642","30,238.99844248629","30,472.00067142719","30,940.00078889449","31,337.00231750982","31,676.0004296586","32,029.0009538712"
"Pierce","053","25-29","6","Male","28,876.99843561241","29,360.99583170977","29,735.992209567","30,138.99486143309","30,642.99736051556","31,117.00005695843","31,831.99964985659","32,475.00151901479","33,059.99920339349","33,661.99998062086"
"Pierce","053","30-34","7","Female","27,115.99857872244","27,806.9968863749","28,396.99537212206","29,009.99740015494","29,714.99859347161","30,394.00024968224","31,308.00064859098","32,154.00211276612","32,942.0009286238","33,751.00032567646"
"Pierce","053","30-34","7","Male","26,606.99858388446","27,350.99690495082","27,992.99503107935","28,656.99708644113","29,415.99838650332","30,147.00017233271","31,111.00033093236","32,005.00185528188","32,847.00045003203","33,704.99981312674"
"Pierce","053","35-39","8","Female","26,419.99870360708","27,108.99809887005","27,696.99762774482","28,307.99872312469","29,010.99842210284","29,686.99938850425","30,592.99986466932","31,430.00117722478","32,215.0008782103","33,014.99871489064"
"Pierce","053","35-39","8","Male","26,404.99866681847","27,083.99789401458","27,660.9971387231","28,261.998508736","28,954.99852013732","29,620.99967119367","30,516.00010405355","31,344.00151811025","32,117.00103696845","32,904.99922920261"
"Pierce","053","40-44","18","Female","27,990.99866961023","28,112.99916117068","28,133.99946058514","28,183.99981684439","28,328.99845318336","28,448.99910099128","28,788.99980169879","29,058.0011150001","29,276.00124877043","29,505.9988977249"
"Pierce","053","40-44","18","Male","27,610.99864511954","27,713.99901486522","27,718.99917497044","27,750.99971630256","27,877.99851887186","27,978.99913904024","28,295.99964152938","28,544.00083456104","28,742.00082602644","28,952.99830920608"
"Pierce","053","45-49","10","Female","29,769.99853641681","29,490.99993481602","29,112.00090959251","28,768.00093750708","28,519.99882323879","28,248.99915743638","28,193.99980289733","28,068.00091443634","27,889.00123923213","27,721.99844869487"
"Pierce","053","45-49","10","Male","29,940.9985316385","29,634.99982901467","29,225.00072180065","28,852.00084036303","28,575.99880134111","28,276.99914833556","28,194.99975540972","28,040.00082982157","27,831.00112176174","27,635.9982111585"
"Pierce","053","50-54","11","Female","29,897.99847684986","29,695.00040711141","29,385.00189963568","29,112.00182461645","28,937.99910756985","28,739.99920428175","28,759.99988290166","28,709.00091851331","28,605.00147994843","28,512.99784889781"
"Pierce","053","50-54","11","Male","29,333.99851352545","29,112.0005351897","28,788.00203278188","28,497.00183896879","28,304.99907957182","28,088.99914609531","28,086.99981287149","28,015.00085779068","27,890.00139439711","27,776.99797292199"
"Pierce","053","55-59","12","Female","25,845.99865002471","26,191.00087261129","26,442.00270463623","26,718.00249264525","27,081.99955830448","27,421.99946870506","27,975.00019155994","28,460.00114640152","28,896.00182516023","29,346.99785604973"
"Pierce","053","55-59","12","Male","24,253.99875413312","24,673.000899572","25,001.00268861038","25,355.00242794999","25,788.99952837425","26,199.99938457184","26,816.00007883714","27,368.00099890357","27,872.00174971563","28,390.99767579811"
"Pierce","053","5-9","2","Female","26,248.99864358541","26,504.99743630229","26,661.9966111543","26,849.99826763926","27,121.99876401698","27,373.00000143047","27,836.00060165141","28,232.00200962424","28,576.00153657867","28,936.00033570771"
"Pierce","053","5-9","2","Male","27,329.99858979824","27,618.99739766","27,805.99651094658","28,021.99820833812","28,331.99872669254","28,615.00003475991","29,117.00065871718","29,555.00212725806","29,936.00158660973","30,334.0003456875"
"Pierce","053","60-64","13","Female","21,201.99883289173","21,980.00115128789","22,675.00317218785","23,387.00304225254","24,174.00026057309","24,937.00015826148","25,894.00096118285","26,797.00184186206","27,654.00254357365","28,523.99859141755"
"Pierce","053","60-64","13","Male","20,145.998939964","20,779.00118824237","21,333.00312029154","21,904.00278562584","22,545.99992705111","23,166.99972394417","23,967.00045214369","24,715.00129789018","25,422.00207244941","26,141.99813196408"
"Pierce","053","65-69","14","Female","15,183.99911488171","16,109.00124641368","16,971.00336904006","17,842.0034405316","18,767.00100825081","19,676.00095996202","20,737.00201740146","21,758.00298042441","22,741.00390678591","23,739.00028946832"
"Pierce","053","65-69","14","Male","13,771.99924731989","14,547.00118540266","15,267.00305260108","15,994.00291595047","16,772.00058439759","17,532.0004497619","18,429.00135616865","19,289.00220312545","20,119.00312044344","20,958.99985044565"
"Pierce","053","70-74","15","Female","10,744.99931926596","11,589.0009793563","12,387.00274769763","13,189.00306972572","14,031.0013775238","14,859.00139222027","15,805.00239638909","16,720.00307229488","17,608.00377275782","18,506.00075031816"
"Pierce","053","70-74","15","Male","9,205.99946035671","9,947.00090921792","10,647.00242259369","11,351.00246439124","12,089.00071732195","12,817.00058087473","13,644.00131830603","14,445.00181352011","15,221.00259623089","16,008.99968874731"
"Pierce","053","75-79","16","Female","8,807.99937810231","9,200.00085767562","9,556.00240053182","9,918.00278898592","10,313.0015161361","10,696.0015908522","11,164.00242156826","11,608.00291910818","12,033.00336546165","12,463.00123269544"
"Pierce","053","75-79","16","Male","7,003.9995486537","7,348.00076270754","7,665.00199233011","7,985.0020593989","8,331.00078564046","8,668.00066374604","9,073.00118391772","9,460.00149078759","9,831.00194434737","10,205.99995069361"
"Pierce","053","80-84","17","Female","7,116.99940920995","7,228.00094072054","7,312.00236715211","7,404.00271560522","7,520.00171805398","7,631.00177723954","7,798.00241469418","7,948.00271762743","8,083.00286738798","8,224.00153461213"
"Pierce","053","80-84","17","Male","4,767.99966364842","4,887.00062795458","4,987.00151043692","5,093.00155052702","5,215.00073106636","5,333.00069128002","5,490.00106921216","5,636.00128168178","5,772.00148128712","5,913.00041556827"
"Pierce","053","85+","18","Female","7,488.99923457926","7,617.00161183384","7,716.00372535868","7,824.00421178011","7,957.00296586744","8,081.00305663255","8,269.00391530245","8,438.00420728034","8,593.0042059467","8,752.00293156642"
"Pierce","053","85+","18","Male","3,691.99965634796","3,826.00072820003","3,946.0017070627","4,068.0018642153","4,205.00115953698","4,338.00113969062","4,502.0015071809","4,662.00164969483","4,807.0017483921","4,958.00091528385"
"San Juan","055","0-4","1","Female","280.99989771193","283.00014987989","281.01779660891","279.01727772376","276.01690961916","277.01689141889","277.03370889541","273.03187412401","276.03247170058","279.04639299904"
"San Juan","055","0-4","1","Male","257.9999031957","262.00020724377","261.01657197237","260.01610904573","259.01595298906","262.01603684675","264.03180635074","262.03147944595","266.03114155921","270.04701148546"
"San Juan","055","10-14","3","Female","396.99986129482","398.00009320762","398.02506663191","398.02445378132","399.02436777785","400.02423021309","401.04804317126","401.04781295904","404.04694348094","408.07072782695"
"San Juan","055","10-14","3","Male","378.9998733637","380.99996466337","382.02396766755","384.02353308735","387.02356822538","389.02354061846","391.04701858277","394.04672387931","397.0463517962","404.06935825463"
"San Juan","055","15-19","4","Female","369.99986845981","368.00016305509","365.02307664839","364.02247173835","362.02208305181","361.02187423983","360.04355864962","357.04150198333","358.04170888354","359.05957325854"
"San Juan","055","15-19","4","Male","375.99987041227","372.00009163922","369.02327372952","366.02255217387","363.0222205785","361.02197244965","359.04328088531","355.04225940025","355.04157574552","354.06092048574"
"San Juan","055","20-24","5","Female","245.999913771","249.0000573755","252.0158808708","258.01588141677","261.01598843892","264.01606783797","270.0324417243","273.03273631568","280.03271287031","283.0493288767"
"San Juan","055","20-24","5","Male","264.99989929111","264.00025950944","262.01670538795","261.01626901104","262.01625771335","261.01613554093","260.03150941563","258.03123007288","260.03071680189","259.0452663625"
"San Juan","055","25-29","6","Female","318.99989146728","319.00002610208","318.02001338162","319.01961737207","321.01957221068","320.01938782843","321.03871707933","321.03774896483","324.03780334556","325.0550507452"
"San Juan","055","25-29","6","Male","269.99990918951","277.99997528197","283.01774304039","290.01773880183","298.01812897191","303.01828225433","311.03718287011","319.03795683147","327.03790553209","335.05799297572"
"San Juan","055","30-34","7","Female","329.99988538049","338.00008109181","345.021741945","354.02177840866","363.02220728119","370.02248334478","380.04563441758","388.04641708928","397.04634769265","409.07107430313"
"San Juan","055","30-34","7","Male","337.99988107171","346.000102176","351.02213796381","359.02210432965","365.02231153352","372.02258733492","379.04558965138","386.04586348758","396.04618601229","405.06971132343"
"San Juan","055","35-39","8","Female","350.99987927256","358.00005345797","365.02298514026","375.02306334845","382.02336796266","390.02370039504","399.04792021542","406.04850251415","418.04873531706","427.07398949904"
"San Juan","055","35-39","8","Male","378.99987285772","389.99998009742","396.02484282703","406.02484836378","416.02530255392","425.02562882551","435.05199332524","445.05294298606","456.05283754624","467.0809489418"
"San Juan","055","40-44","18","Female","443.99985052495","445.99996833161","445.0279111539","446.02729549784","448.02725498708","450.02715405407","451.05393619445","454.05402539124","457.05299967445","462.08005535438"
"San Juan","055","40-44","18","Male","396.9998689402","401.99997801754","405.0254358496","409.02509172992","416.02536390476","419.02538585622","424.05097660644","429.05097122945","436.05090333733","444.076405726"
"San Juan","055","45-49","10","Female","580.99980790767","567.99993190415","554.03473101351","541.03309472011","529.0321344646","517.03112066212","504.06027579912","492.05808506396","483.055769432","473.0810063167"
"San Juan","055","45-49","10","Male","542.99982103731","531.99991800582","518.03246696064","507.03101942042","496.0301969578","484.02923630896","473.05659592783","462.05508182488","453.05257426883","445.07717817465"
"San Juan","055","50-54","11","Female","755.99976773561","733.99959739256","710.04424573049","690.04195789862","667.04035147451","645.03867314353","626.074594655","603.07153870946","586.06763502512","568.09821030225"
"San Juan","055","50-54","11","Male","641.99979868321","626.99971151274","609.03799262824","594.03615983274","580.03512920337","565.03391737841","550.06555987168","535.06352242092","523.06038646798","511.08841559926"
"San Juan","055","55-59","12","Female","891.99972829605","868.99952665918","846.0527368412","824.05013280159","804.04865735202","780.04677033902","761.09065720163","738.08749343765","721.08308839709","705.12184740799"
"San Juan","055","55-59","12","Male","814.99974961408","794.99959432973","772.04814044276","753.04582486574","734.04442138242","711.04264515762","695.08282920596","674.07993961151","658.07592325215","643.11117428011"
"San Juan","055","5-9","2","Female","324.99988500056","327.0001147149","327.02064136056","328.02021488246","330.02019125928","331.02012390923","334.04023879586","334.03972866318","339.03964848503","341.05867739391"
"San Juan","055","5-9","2","Male","321.99988763726","322.00003668675","323.02032058079","324.01990644655","327.01994677304","327.019820019","330.03968190344","330.03916817484","332.03872145993","337.05795722876"
"San Juan","055","60-64","13","Female","962.9997208125","960.9992779063","955.05934844491","955.05790234677","954.05745341422","950.05667277312","950.11305480646","947.11154087948","952.10947635838","956.16399937325"
"San Juan","055","60-64","13","Male","872.9997452341","862.9993943524","849.05283733359","839.05099651199","830.05009135006","818.04908559434","809.0967198061","799.09526968781","793.09235252525","787.13672313724"
"San Juan","055","65-69","14","Female","669.99980837754","705.99945214241","737.04579341208","774.046919917","809.04876696195","842.0502926595","878.10442530655","913.10811734262","953.10974971468","993.17180887264"
"San Juan","055","65-69","14","Male","711.99979833448","728.99937558083","744.0461658895","761.04606691521","778.04683995639","793.04729622623","811.09637246804","827.09794035962","848.09761577158","872.15102714562"
"San Juan","055","70-74","15","Female","438.99987588272","490.99956518195","541.03355507532","592.03581327328","645.03878610726","697.04151209594","749.08894056127","798.09432415838","855.09825039285","912.15766579882"
"San Juan","055","70-74","15","Male","452.99987161411","500.99955545049","547.03392438981","594.03593060121","643.03866723322","691.04112926878","739.08769851172","785.09264987412","837.09599301291","890.15353897584"
"San Juan","055","75-79","16","Female","269.99992390445","299.99974796034","327.02030951967","356.02158041576","385.0232122506","414.02475137192","442.05260187441","472.05599647619","503.05803325717","535.09274168481"
"San Juan","055","75-79","16","Male","287.99992015437","320.99967965194","352.02178980037","385.02323754003","418.02507650252","450.02673057057","482.05715108039","514.06068128257","549.06298560894","585.10111989925"
"San Juan","055","80-84","17","Female","188.9999433846","200.9998892068","211.01315375132","225.01368767814","236.01426305156","246.01475249933","258.03075389014","271.03219644687","284.03280038559","297.05158417323"
"San Juan","055","80-84","17","Male","183.99994895672","197.99980472955","211.01306361844","225.01358472972","239.01433362909","253.01502461523","267.03166181891","279.03293391134","297.03406979456","311.05379261557"
"San Juan","055","85+","18","Female","280.99991802291","273.99983201212","268.01670757323","263.01603652187","258.0147189786","249.01414631981","245.03048805324","244.02096600268","237.0268472589","234.02305493551"
"San Juan","055","85+","18","Male","170.9999532061","172.99984349222","176.01092481051","179.01084684284","181.01090389737","183.01094003223","188.0223804223","192.02277899964","197.02273783709","200.0346682686"
"Skagit","057","0-4","1","Female","3,749.99655065082","3,702.9799928833","3,659.96930531448","3,619.96806065793","3,582.97161212271","3,545.9745603777","3,519.97885766909","3,491.98001578291","3,490.9910320827","3,486.0043523334"
"Skagit","057","0-4","1","Male","3,846.99693406835","3,811.98160035669","3,775.97183099457","3,747.9705052588","3,721.97377067091","3,696.97618199089","3,679.98019911578","3,664.9810528863","3,674.99145089273","3,678.00445116998"
"Skagit","057","10-14","3","Female","3,776.99725114215","3,790.99107622311","3,803.98511111236","3,822.98277516701","3,846.98357482352","3,868.98277924349","3,900.98413385518","3,932.98353854669","3,994.99133251666","4,054.00406537349"
"Skagit","057","10-14","3","Male","3,918.9969803112","3,923.99020941126","3,929.98415570252","3,941.9822827393","3,956.98365068346","3,970.98335395795","3,996.9852093522","4,020.98498639716","4,072.99232811134","4,127.00392768504"
"Skagit","057","15-19","4","Female","3,880.99725917144","3,835.99030219031","3,792.98378793521","3,755.98119371606","3,720.98179700099","3,686.98119539816","3,661.98264846975","3,636.9821452801","3,637.9908897309","3,636.00447619895"
"Skagit","057","15-19","4","Male","4,170.99710645536","4,122.99041857702","4,074.98426099927","4,032.98211185842","3,995.98325254172","3,957.98287822357","3,931.98464485213","3,902.9833974188","3,901.991881896","3,903.00340156892"
"Skagit","057","20-24","5","Female","3,192.99739086775","3,178.98633507597","3,163.97804594823","3,152.97576170754","3,144.97739038953","3,137.97853468876","3,139.98143147759","3,138.98056842856","3,162.99157829975","3,184.00469155379"
"Skagit","057","20-24","5","Male","3,386.99735687526","3,379.98624272693","3,373.97767897851","3,372.97497292586","3,375.97639684669","3,376.97729225943","3,385.98014953331","3,395.97987814064","3,430.99090760459","3,465.004809944"
"Skagit","057","25-29","6","Female","3,548.99721157399","3,557.98559768126","3,566.97749800037","3,580.97585599944","3,599.97814021415","3,616.97943777333","3,643.98272265952","3,668.98365377341","3,721.99254667401","3,774.00426687719"
"Skagit","057","25-29","6","Male","3,770.99700687202","3,755.98440155564","3,743.97568836705","3,736.97382983361","3,731.97637047085","3,728.97795906502","3,732.9818506957","3,738.98283914104","3,770.99264272831","3,800.0041344981"
"Skagit","057","30-34","7","Female","3,332.99725567296","3,383.99000792833","3,434.98442099525","3,489.98338011335","3,548.98547653562","3,606.98603916164","3,674.98837527638","3,740.9893488855","3,834.99463768429","3,929.00183462389"
"Skagit","057","30-34","7","Male","3,450.99738023095","3,490.98991991647","3,530.98439505832","3,574.98302332245","3,623.98501263012","3,670.9856629088","3,725.98832660429","3,781.98932459475","3,866.99558012962","3,951.00240971144"
"Skagit","057","35-39","8","Female","3,414.99769951198","3,470.99474035986","3,523.99174559682","3,583.99090933121","3,645.99222723632","3,708.991549797","3,778.99306697506","3,849.99333925195","3,948.99695932873","4,048.00211585748"
"Skagit","057","35-39","8","Male","3,388.99747451265","3,453.99396091431","3,517.99104949783","3,586.99082780877","3,658.99287553875","3,730.99266219236","3,811.99445549357","3,891.99541229735","4,000.99778983637","4,110.00102051704"
"Skagit","057","40-44","18","Female","3,414.99778791988","3,414.00040737306","3,413.00020031457","3,417.99954070859","3,426.00003826367","3,432.99808967861","3,449.99822773555","3,464.99836751202","3,504.99844714682","3,545.00020073272"
"Skagit","057","40-44","18","Male","3,608.99767145901","3,598.99933510431","3,589.99862355239","3,585.99772412532","3,585.99862624041","3,583.9971367255","3,591.99769326356","3,600.99832946066","3,632.9991319153","3,666.99992761736"
"Skagit","057","45-49","10","Female","3,961.99802224814","3,905.00710751309","3,851.00957517936","3,801.00819258518","3,755.00699559185","3,708.00292936172","3,673.00161438818","3,636.00102799769","3,624.99911104821","3,613.00015027301"
"Skagit","057","45-49","10","Male","3,977.99791818475","3,907.00464366972","3,836.00678535743","3,773.00631162586","3,711.00648799211","3,650.00364204804","3,600.00301750635","3,549.00330192874","3,522.0010143587","3,492.99919084543"
"Skagit","057","50-54","11","Female","4,417.99790257668","4,324.01169488738","4,232.01703346512","4,146.01657079089","4,064.01577031752","3,983.01107832803","3,913.00929759172","3,840.00954714758","3,796.00351069868","3,749.99807964497"
"Skagit","057","50-54","11","Male","4,152.99796045523","4,082.01043361385","4,013.01500428354","3,951.01447466364","3,891.01367370819","3,831.00931485963","3,783.00754022412","3,732.00773123104","3,709.00229048027","3,683.99781908892"
"Skagit","057","55-59","12","Female","4,355.99792309195","4,338.01718406891","4,320.02635979488","4,309.02735562353","4,301.02669579324","4,293.0210508437","4,298.01836380068","4,300.01945211443","4,334.0081120914","4,365.99575675638"
"Skagit","057","55-59","12","Male","4,147.99785900673","4,121.01555142018","4,094.02373042187","4,075.02433900017","4,058.0237429459","4,040.01851706407","4,034.01592454202","4,027.01582160115","4,049.00663414827","4,069.99604217467"
"Skagit","057","5-9","2","Female","3,681.99684363112","3,679.98395397259","3,678.97515621785","3,681.97358794499","3,690.9761527943","3,696.9777647447","3,713.9809041599","3,728.98123145141","3,772.99082706791","3,815.00396021772"
"Skagit","057","5-9","2","Male","3,731.99695803639","3,738.98763872468","3,746.98037139072","3,760.97872162077","3,775.98071098861","3,792.98135477604","3,819.98401897245","3,843.98449573736","3,897.99240694979","3,950.00365336223"
"Skagit","057","60-64","13","Female","4,010.9984905958","4,074.01736540935","4,135.02707468898","4,203.02854995103","4,274.0282437902","4,344.02279301736","4,427.02016713002","4,507.02132386286","4,621.00854373551","4,733.99424773409"
"Skagit","057","60-64","13","Male","3,727.9986457451","3,770.01718093888","3,812.02674633446","3,860.02817064209","3,909.02796942659","3,959.02285390771","4,019.02035061883","4,079.02159938676","4,169.00889427033","4,255.99446187533"
"Skagit","057","65-69","14","Female","3,046.99900665709","3,216.01464644214","3,386.02456845204","3,558.0277616654","3,731.02922269008","3,905.02542633984","4,089.02355093258","4,271.0262666175","4,485.01145519023","4,699.99203344586"
"Skagit","057","65-69","14","Male","2,924.99905434034","3,051.01577334465","3,178.0260788391","3,306.02914373809","3,437.03020684417","3,567.02629757755","3,707.02443787031","3,847.02658999817","4,014.0116907428","4,183.99237620034"
"Skagit","057","70-74","15","Female","2,193.99927350204","2,385.0105526449","2,576.01766645629","2,768.01996114998","2,961.02110759237","3,155.01821694799","3,356.01718252355","3,556.01914541212","3,784.0083589711","4,012.99427142485"
"Skagit","057","70-74","15","Male","2,092.99938388384","2,251.01126828744","2,405.01938512551","2,562.02248018798","2,720.02414894096","2,878.02178123165","3,044.02096707556","3,208.02339713813","3,397.01048220558","3,586.99309914039"
"Skagit","057","75-79","16","Female","1,746.9994185677","1,846.00722168634","1,945.01202379166","2,045.01334990492","2,145.01405317237","2,247.01190492828","2,354.01097265652","2,462.01207453072","2,585.00501623811","2,710.99605109283"
"Skagit","057","75-79","16","Male","1,523.9995223833","1,611.0080920184","1,697.01353713756","1,784.01530775363","1,872.01609080893","1,961.01415351166","2,054.01340761079","2,147.01487907686","2,256.0067829565","2,365.99604774768"
"Skagit","057","80-84","17","Female","1,459.99953796874","1,484.00455395447","1,508.00767380211","1,534.00858497122","1,561.0092178879","1,588.00786872668","1,619.007506733","1,650.0084664675","1,694.00362884658","1,735.99739993721"
"Skagit","057","80-84","17","Male","1,195.9996832876","1,226.00596000274","1,255.00966501816","1,287.0105844161","1,320.01085164379","1,352.00923258446","1,387.00851178136","1,423.00924603681","1,470.00398589401","1,514.99728256102"
"Skagit","057","85+","18","Female","1,730.99955427166","1,743.00397538685","1,749.0066322857","1,764.00699317272","1,777.00733537397","1,789.00556185086","1,809.0048276729","1,825.00519246958","1,855.00172764997","1,887.99796310629"
"Skagit","057","85+","18","Male","958.99972430992","989.00365374792","1,015.00613358373","1,044.00680333729","1,074.00710947468","1,102.00594392266","1,136.00544317913","1,170.00601199595","1,208.00238987181","1,248.99802707363"
"Skamania","059","0-4","1","Female","302.9998318193","298.99962696855","294.99971212892","282.07543469918","271.07269598409","267.07131837822","255.09077289251","254.08976480461","246.15114719532","240.14576809793"
"Skamania","059","0-4","1","Male","300.99983113729","298.9996257163","299.99970506247","290.07756871718","281.07536703385","281.07505407292","274.09751430522","275.0971492287","271.16642187679","269.16354981345"
"Skamania","059","10-14","3","Female","362.9997998078","358.99955011605","356.99964955551","353.09442849921","351.09416113473","347.09269437361","346.12319185647","344.12164429319","342.21025555699","341.20718094961"
"Skamania","059","10-14","3","Male","366.9997984119","364.99955085729","362.99965057141","362.096839824","360.09657407336","358.0956326506","356.12675203844","355.12554165532","355.21829201606","356.21650841148"
"Skamania","059","15-19","4","Female","338.99984278852","327.99955547629","319.9996689016","310.08291703932","299.08019794795","289.07718346575","278.09895226773","269.09503467447","261.16029103595","253.15358910004"
"Skamania","059","15-19","4","Male","377.99981660429","370.99950860889","364.99962902396","359.09602808695","352.09441520665","345.09213611232","340.12098837733","334.11788672146","329.20180422488","324.19631020678"
"Skamania","059","20-24","5","Female","215.9998772792","212.99972220919","210.99978349171","208.05562317998","205.05497262498","203.0542107898","200.07118094437","199.07029029159","197.12098024299","195.11835069968"
"Skamania","059","20-24","5","Male","234.9998661263","230.99969972029","228.99976472114","225.06016836427","221.0592565628","218.05821324738","216.07686671193","212.0748310914","210.12880912736","207.12557193894"
"Skamania","059","25-29","6","Female","258.99985226658","258.9996776382","259.99974447709","262.07007845028","261.07000352921","260.0694439264","260.09254656332","262.09254778151","264.16208783745","266.16136942102"
"Skamania","059","25-29","6","Male","241.9998623635","239.99968502784","239.9997501644","240.06417622205","238.0638126781","237.06328601886","236.08398047063","236.08329520081","236.1447592644","237.1437292371"
"Skamania","059","30-34","7","Female","308.9998271241","312.99960837713","317.99968617486","322.08612752582","328.08797415955","331.08840124281","336.11956920785","342.12071412071","347.2128095841","354.21462085687"
"Skamania","059","30-34","7","Male","329.99982058551","328.99958290317","329.99967239584","328.08773250531","327.08770381626","328.08759808019","326.11600412133","327.11541847038","328.20119184132","330.19993490896"
"Skamania","059","35-39","8","Female","357.99980345243","359.99955975409","360.99965239082","363.09710592199","362.09710377441","363.09694648439","365.12988823461","368.12992696904","370.22712273824","374.22687985096"
"Skamania","059","35-39","8","Male","315.9998237613","317.9996055968","320.9996851571","322.08613182782","325.08717685021","327.0873387903","330.11746936958","335.11838696248","337.20703999235","342.20771955842"
"Skamania","059","40-44","18","Female","358.9998063446","360.99955183375","362.99964442085","364.09736655872","366.09816666302","367.0980112164","369.1313244102","372.13137577645","375.2302247245","379.22991339803"
"Skamania","059","40-44","18","Male","350.9998080009","350.99957171658","353.99966176317","353.09443874866","354.09497093336","355.09482967697","357.12709324603","359.12689552261","360.22122558495","363.22044016932"
"Skamania","059","45-49","10","Female","455.99976145796","445.99941960906","434.99956128275","423.11314435876","413.11077594793","402.10736855415","392.13953468662","383.1353246622","374.22971257515","365.22157689743"
"Skamania","059","45-49","10","Male","486.9997285349","474.99940654694","462.99954660951","451.12064757682","438.11750529568","427.11405768359","415.14774705034","404.14284876691","394.24225041289","385.23385728442"
"Skamania","059","50-54","11","Female","526.99971585954","510.99936329957","496.99951720325","481.12867620379","465.12474887421","448.11967215913","434.15451350369","420.14847131817","407.25006702097","394.23911596365"
"Skamania","059","50-54","11","Male","485.99975743553","477.99936145512","467.99952303","460.12304157695","449.12043808174","441.11779120464","433.15414168293","426.15058403164","419.25753835671","413.25089639992"
"Skamania","059","55-59","12","Female","494.9997234591","489.99939209836","487.99952176298","482.12893432003","478.12821882809","473.1263327009","471.16764044636","468.16536005125","465.2856868571","465.28249001402"
"Skamania","059","55-59","12","Male","532.99970515092","534.9993473577","536.99948634951","540.1444631139","542.14540198809","543.14505232552","545.1940284154","550.19444908216","555.34109784022","560.34033849829"
"Skamania","059","5-9","2","Female","321.99981852823","321.99959388192","319.99968332974","319.08532348408","319.08556106079","317.08466933994","317.11284146863","317.11201690186","318.19534056708","319.19368243243"
"Skamania","059","5-9","2","Male","325.9998202119","321.99959750398","319.99968567636","316.08452701689","314.08422818309","310.08279986524","308.10963796501","305.10778519998","304.18676647727","303.18395356513"
"Skamania","059","60-64","13","Female","384.9998047166","400.99949149461","419.99959002937","436.11663630235","454.12178493487","470.12553478311","487.17333348102","506.1787240627","525.32229857872","545.3308156859"
"Skamania","059","60-64","13","Male","426.99976579376","434.99946404773","445.99956645107","453.12118088768","462.12393008434","469.1252587112","480.17083109586","491.17342633951","500.30701810921","513.31128112031"
"Skamania","059","65-69","14","Female","304.99983208191","319.99960450076","335.99967196907","352.09415976309","368.09871308518","382.10203205967","398.14170010801","414.14641143945","431.2649961443","450.27374939122"
"Skamania","059","65-69","14","Male","311.9998485974","332.99957230564","352.99965250482","374.10004602352","394.10568593485","414.11057522854","435.15484629849","457.16151351253","479.29426886848","503.30559568138"
"Skamania","059","70-74","15","Female","178.9998998066","193.99975412238","205.999792354","219.05857291118","236.0632977328","248.0662267741","262.09325048509","276.09753127231","292.17943235942","306.18589262897"
"Skamania","059","70-74","15","Male","184.99989593116","203.99974766758","223.99978194417","241.06446914167","261.07001587388","279.07451790463","298.10607966447","317.11209420943","338.20786504011","359.2183121847"
"Skamania","059","75-79","16","Female","137.99992263534","145.9998206777","153.99985094694","161.04306625165","170.04559882261","178.0475379404","185.06582280385","194.06850111644","201.12338371439","212.12880482607"
"Skamania","059","75-79","16","Male","137.9999232182","147.999813522","156.99984445149","166.04440009926","176.04720441593","186.04966829663","195.06936117672","204.07199784031","215.13193209985","226.13734524976"
"Skamania","059","80-84","17","Female","98.9999439354","98.99987479102","97.999904262","97.02594590336","96.02574999655","96.02563665201","95.03379252072","95.03349116306","95.05819223809","95.05750827202"
"Skamania","059","80-84","17","Male","88.99994951862","89.9998889783","89.9999131908","92.02461178674","94.02521620387","93.02483930867","95.0338149156","96.03393319985","95.05838754947","99.06015768704"
"Skamania","059","85+","18","Female","88.9999489083","86.9998859526","87.99991126174","89.02380001091","88.02359743891","85.02270062864","88.03132191323","85.03001806846","89.05461876724","87.05281977849"
"Skamania","059","85+","18","Male","61.999966341","62.99991767402","64.9999349925","68.01818710281","70.01877424415","69.01842935797","75.02666530119","76.02681419615","81.04968358289","81.04936982018"
"Snohomish","061","0-4","1","Female","23,131.00037874193","23,127.99862197661","23,164.99886789855","23,305.99698293009","23,476.99784787376","23,757.99583408588","24,012.99512100088","24,256.99646273944","24,522.99603121552","24,768.99688530286"
"Snohomish","061","0-4","1","Male","24,247.00041043409","24,192.99843408041","24,179.99863834587","24,277.99665149434","24,407.99756185122","24,648.9954679248","24,862.99468085879","25,065.99604135118","25,292.99563162512","25,496.99645270832"
"Snohomish","061","10-14","3","Female","23,826.00055583979","23,856.99900051205","23,927.99967124952","24,098.99792177792","24,310.9990975189","24,631.99744920081","24,924.99716609308","25,208.99900247863","25,522.99885065619","25,805.99802387741"
"Snohomish","061","10-14","3","Male","24,879.00058093022","24,915.99900437218","24,992.99971502802","25,176.99784171372","25,401.99902896592","25,739.9972242942","26,049.99687059095","26,350.99873376509","26,682.9985927736","26,982.99776688712"
"Snohomish","061","15-19","4","Female","23,908.00052797644","23,695.99942489422","23,526.00034095296","23,458.99882735893","23,430.00014264914","23,503.99875167675","23,551.99879534296","23,592.00060094452","23,656.00053715602","23,689.99926427867"
"Snohomish","061","15-19","4","Male","25,653.00058447403","25,441.99938904372","25,277.00039756688","25,221.99876368958","25,208.0002019158","25,305.99875604855","25,373.99882782203","25,434.00084038396","25,520.00074195244","25,573.99926906438"
"Snohomish","061","20-24","5","Female","21,156.0002848541","21,085.99938208767","21,052.00000320149","21,108.99873993106","21,198.99999951308","21,383.99867114948","21,546.9986669272","21,698.9998371671","21,877.99913012216","22,029.99952842616"
"Snohomish","061","20-24","5","Male","23,256.00032533589","23,187.99929785042","23,159.00004024685","23,229.9987524659","23,337.00030230109","23,550.9990586984","23,737.99927859236","23,916.00081151869","24,120.00013287967","24,296.00008374474"
"Snohomish","061","25-29","6","Female","24,320.0003574217","24,337.99857369339","24,395.99883791562","24,558.99705117195","24,760.99815189283","25,073.99618994118","25,360.99565420177","25,636.9967067497","25,942.99593027627","26,216.99772715249"
"Snohomish","061","25-29","6","Male","25,524.00032532264","25,524.99877032314","25,569.99926673913","25,721.99764128796","25,916.9990797291","26,227.99726675074","26,509.9970792764","26,782.99827628226","27,085.99743506189","27,354.99898048507"
"Snohomish","061","30-34","7","Female","24,126.00044457186","24,676.99825337176","25,261.99830833071","25,947.99600941258","26,676.99679805641","27,525.99424062529","28,349.99304172336","29,164.99428513855","30,016.99349279066","30,832.99519586303"
"Snohomish","061","30-34","7","Male","25,233.00041085524","25,720.99836310044","26,243.99859788656","26,877.99651706801","27,552.99764900061","28,350.99532457303","29,123.99456385038","29,885.99593299848","30,686.99520658068","31,451.9968357946"
"Snohomish","061","35-39","8","Female","24,925.00056648968","25,442.99818849209","25,996.99830954148","26,655.99592558457","27,358.99670286585","28,183.99409616092","28,980.99295752241","29,771.99472688735","30,599.99456757108","31,391.99504485727"
"Snohomish","061","35-39","8","Male","25,735.00053679342","26,258.99822153943","26,820.99839089109","27,491.99604433563","28,205.99692778077","29,046.99431512512","29,860.9931702167","30,666.9948077433","31,509.99435948427","32,316.99524458778"
"Snohomish","061","40-44","18","Female","26,378.00066684414","26,287.99868706432","26,242.99927376555","26,311.99712991361","26,421.99819592542","26,650.99610843771","26,849.99538113367","27,038.99710708252","27,257.99697422365","27,442.99655204188"
"Snohomish","061","40-44","18","Male","27,436.00063779045","27,341.99864888583","27,294.9992547834","27,364.99706923298","27,478.99819223845","27,716.99596511442","27,921.9951035381","28,118.99675586821","28,345.9963991513","28,538.99630399414"
"Snohomish","061","45-49","10","Female","28,888.0007373431","28,385.99930320669","27,937.00037734268","27,613.99840631147","27,334.9997653309","27,175.99798558286","26,986.99781208094","26,782.99988628663","26,606.99989886504","26,395.99803415343"
"Snohomish","061","45-49","10","Male","29,280.00072637434","28,783.99918177163","28,343.00023479841","28,027.99823812539","27,758.99961758893","27,611.99778923836","27,433.99757116654","27,240.99963953932","27,076.99972539757","26,876.99799425362"
"Snohomish","061","50-54","11","Female","27,935.00071672413","27,613.99982305092","27,344.00123316923","27,195.99959515752","27,089.00123209608","27,104.99984222054","27,089.00014669328","27,059.00255709181","27,059.0029573657","27,027.99969775"
"Snohomish","061","50-54","11","Male","28,308.00070924614","27,962.99987059219","27,670.00133882746","27,499.99969553457","27,373.00137444666","27,367.99994373746","27,331.00022167817","27,281.0025791644","27,262.00282186944","27,207.99969798918"
"Snohomish","061","55-59","12","Female","24,036.0006007086","24,261.00023125698","24,524.00177799072","24,888.00054213683","25,295.00234301029","25,813.00137001832","26,305.00222096746","26,787.00508756221","27,303.00600101842","27,787.0016787659"
"Snohomish","061","55-59","12","Male","23,509.00060072276","23,782.00026686179","24,090.00182474377","24,500.00063592476","24,949.00241708356","25,509.00148569052","26,044.00230833233","26,569.00514587753","27,126.00593497718","27,656.00146976987"
"Snohomish","061","5-9","2","Female","23,042.00046707134","23,123.99879254173","23,242.99919814034","23,464.99734714458","23,718.99823894599","24,081.9962485553","24,417.99552698451","24,745.99696867578","25,103.99669876543","25,429.99673019696"
"Snohomish","061","5-9","2","Male","24,022.00050650431","24,144.99864838289","24,308.99901814808","24,575.99701173407","24,879.99798473324","25,294.99592246662","25,687.99515547303","26,066.9966888948","26,478.99633070061","26,858.99662606574"
"Snohomish","061","60-64","13","Female","19,124.00045787665","19,718.00064901917","20,335.00216236026","21,035.00130283572","21,768.00297871247","22,599.00230402357","23,411.00326114546","24,216.00587944618","25,052.00684123926","25,861.00220717941"
"Snohomish","061","60-64","13","Male","17,914.00046735167","18,553.00042420163","19,215.0018478297","19,952.00103095404","20,720.00266206854","21,585.0020769202","22,427.00304022488","23,266.00570632146","24,136.00659291307","24,979.00214910364"
"Snohomish","061","65-69","14","Female","12,716.00028249511","13,580.00086154999","14,457.00223285877","15,387.00189082201","16,341.0034003144","17,368.00320924282","18,384.00437760681","19,398.00685064871","20,437.00803521758","21,458.00350467067"
"Snohomish","061","65-69","14","Male","11,726.00029526888","12,460.00059134211","13,203.0018197322","13,999.00151561302","14,813.0029363576","15,696.00283040894","16,568.00398717903","17,436.00645252341","18,329.00763985161","19,202.00334471457"
"Snohomish","061","70-74","15","Female","9,016.0001766468","9,754.00088579801","10,499.00206686894","11,282.00200411295","12,081.0032790193","12,936.00335555404","13,783.00455458322","14,626.00653241868","15,492.00753560869","16,343.00355563178"
"Snohomish","061","70-74","15","Male","7,561.00017489034","8,200.00060074477","8,845.00153725002","9,521.00142400246","10,213.00247785891","10,951.00251107634","11,680.00347917345","12,410.00525998358","13,157.00622110801","13,891.00269284237"
"Snohomish","061","75-79","16","Female","7,208.0001273901","7,538.00093975465","7,875.00193303021","8,244.00194046684","8,624.00289094072","9,046.00295332569","9,458.00381614962","9,869.00513681518","10,293.00567099024","10,707.00279827311"
"Snohomish","061","75-79","16","Male","5,504.00011472713","5,810.00059203107","6,123.00131133252","6,459.00126788651","6,805.00199396579","7,182.00203824954","7,552.0027204061","7,922.00384611571","8,303.00436746988","8,675.00202684106"
"Snohomish","061","80-84","17","Female","5,869.00008624099","5,951.00101211832","6,043.00184521569","6,160.00183838049","6,285.00249533552","6,440.00246254597","6,588.00304185593","6,734.00380004939","6,889.00407850676","7,035.00208460759"
"Snohomish","061","80-84","17","Male","3,736.00006651589","3,843.00054627664","3,955.00106134657","4,083.00103885785","4,216.00146414398","4,370.00144431272","4,519.00180278963","4,667.00236539403","4,822.00265096335","4,970.00126036339"
"Snohomish","061","85+","18","Female","6,773.00005045937","6,810.00174542043","6,858.00292744994","6,937.00304028591","7,028.00382076341","7,144.00378177329","7,258.00450934231","7,370.00520629874","7,488.00534269789","7,598.0029247129"
"Snohomish","061","85+","18","Male","3,435.00004072163","3,499.00077285496","3,569.00133717408","3,650.00136432138","3,745.00174731252","3,851.00172526088","3,954.0020874679","4,057.00248170527","4,165.00264096494","4,266.00136309878"
"Spokane","063","0-4","1","Female","14,741.99841532366","14,653.00473568752","14,585.00340572218","14,576.0011866701","14,574.00310676516","14,569.00280915408","14,593.00539064679","14,679.00362871551","14,812.00335334195","14,890.00092846079"
"Spokane","063","0-4","1","Male","15,498.99833191806","15,367.00508315057","15,259.00363615485","15,209.00129302965","15,167.00331097949","15,128.0030588054","15,114.00588507158","15,166.00410808148","15,264.00381255258","15,307.001131035"
"Spokane","063","10-14","3","Female","14,800.99835436685","14,878.0109950144","14,978.00828760633","15,134.00447583157","15,293.00609860227","15,458.00569194232","15,645.00877012975","15,900.00653269646","16,211.00592728305","16,464.00249852669"
"Spokane","063","10-14","3","Male","15,639.99825433302","15,718.0120054345","15,819.00894151843","15,984.00478867918","16,147.00645167253","16,317.00596864307","16,512.00921191664","16,779.00683909781","17,103.00620962165","17,366.00258296883"
"Spokane","063","15-19","4","Female","17,320.99861093708","17,205.93208653292","17,117.94909503429","17,098.96263661923","17,081.9600630386","17,072.95766373737","17,086.94464481694","17,175.95446853622","17,322.96791390598","17,405.98499916693"
"Spokane","063","15-19","4","Male","17,495.99846597456","17,409.95189303407","17,352.96450503514","17,365.97362084001","17,379.97223697105","17,400.97046395292","17,445.96177406816","17,567.96869912006","17,748.97842583778","17,864.98996458182"
"Spokane","063","20-24","5","Female","19,033.9984938888","18,935.93021265117","18,870.94505573033","18,877.95916919595","18,888.95903150476","18,906.95504139491","18,950.94498409533","19,080.94930597526","19,270.96067737079","19,392.98072188592"
"Spokane","063","20-24","5","Male","18,980.99852756021","18,930.92611042273","18,913.94189801106","18,969.95641716194","19,028.95541897277","19,093.95160371126","19,187.94027192741","19,366.94491911358","19,607.95641323891","19,779.97905580038"
"Spokane","063","25-29","6","Female","16,219.99831047675","16,310.9989421863","16,426.99834352348","16,605.99715754332","16,787.99922911376","16,973.99845877509","17,187.00029860536","17,473.99836157625","17,821.99886599967","18,104.99804252622"
"Spokane","063","25-29","6","Male","17,155.99824938847","17,235.99433726601","17,341.99451565742","17,516.99403649515","17,692.99600236318","17,874.99500888907","18,082.99594185698","18,369.99422808352","18,720.99533325319","19,004.99636329662"
"Spokane","063","30-34","7","Female","14,240.99845120748","14,532.0065693303","14,845.00439140612","15,212.0015069433","15,581.00317508352","15,954.00250893919","16,352.00487444819","16,819.00245855207","17,348.00218926692","17,817.00006940601"
"Spokane","063","30-34","7","Male","14,679.99842005237","15,008.00486028199","15,357.00290493327","15,761.0002295319","16,167.00199194548","16,579.00141085845","17,013.00362997143","17,525.00139643551","18,097.00135699777","18,610.99949487851"
"Spokane","063","35-39","8","Female","13,876.99846767452","14,162.00913502918","14,466.00695942285","14,825.00366996585","15,184.00548546849","15,548.00520106742","15,934.00839440099","16,391.00634926246","16,908.00591855693","17,365.00245948591"
"Spokane","063","35-39","8","Male","14,439.99841524432","14,742.00878948817","15,061.00640735968","15,436.00302033974","15,813.00496053174","16,196.00489933067","16,602.00828593555","17,081.00631246813","17,622.0059064961","18,101.00229792546"
"Spokane","063","40-44","18","Female","14,681.99838996146","14,675.00915284562","14,690.00701556738","14,764.00371663453","14,838.00541795861","14,920.00510155666","15,022.00815760122","15,192.00615977607","15,410.00577857382","15,575.00257891364"
"Spokane","063","40-44","18","Male","14,743.99837827862","14,765.00928064486","14,811.00687622311","14,914.00337430382","15,018.00504495855","15,128.00478972699","15,261.00778342708","15,459.00573953967","15,711.00530987746","15,905.00213298304"
"Spokane","063","45-49","10","Female","17,068.99812916655","16,730.01089062586","16,424.00824540308","16,183.00437910093","15,946.00612457732","15,716.00566151385","15,509.00870117796","15,368.00649715979","15,275.00585948739","15,125.00255815172"
"Spokane","063","45-49","10","Male","16,582.99817984975","16,343.01055998494","16,132.00793935927","15,988.00410289095","15,845.00587593298","15,708.00551531887","15,595.00856106123","15,550.00634632977","15,554.00573853384","15,500.00252368698"
"Spokane","063","50-54","11","Female","17,317.99809903662","17,014.0129719735","16,743.00962350953","16,538.00514021784","16,337.00682109884","16,143.00626690992","15,973.0094567347","15,871.00709392383","15,820.00634768848","15,709.00274783661"
"Spokane","063","50-54","11","Male","16,854.9981506118","16,578.01219626358","16,332.00901694615","16,152.00471730453","15,974.00638274851","15,804.00590885081","15,656.0089109934","15,576.00667463052","15,546.0060277204","15,456.00264177368"
"Spokane","063","55-59","12","Female","16,559.99817578894","16,556.01529976016","16,577.01140146226","16,666.00639383897","16,754.00816241792","16,850.00771668522","16,970.01136291909","17,164.00893262201","17,416.00798943414","17,605.00367608586"
"Spokane","063","55-59","12","Male","15,680.99826981471","15,677.01388850783","15,699.01022304808","15,783.00557334033","15,866.00717666852","15,956.00674252531","16,071.01005465619","16,256.00784497855","16,494.00704641551","16,674.00321763572"
"Spokane","063","5-9","2","Female","14,444.99840326356","14,498.00971625378","14,574.00718605753","14,707.00369811419","14,841.00536843451","14,980.00498425393","15,142.00794479867","15,369.0057761177","15,648.00521375256","15,874.00201761184"
"Spokane","063","5-9","2","Male","15,306.99830076219","15,372.01067902226","15,460.00771851397","15,609.00390348961","15,759.00553810816","15,914.00501928535","16,093.00790377493","16,342.0055668825","16,647.00505534309","16,894.00199251305"
"Spokane","063","60-64","13","Female","13,742.99848850431","14,058.01463911935","14,395.01089496116","14,783.00618225222","15,171.00777187229","15,566.00736929011","15,981.01079373275","16,469.00850072551","17,015.0075421676","17,504.003347469"
"Spokane","063","60-64","13","Male","13,136.99854524075","13,387.01393966695","13,656.01043795535","13,974.005942869","14,295.00740292569","14,621.00704610774","14,965.01021689219","15,379.00801120475","15,844.00710434373","16,257.00312507197"
"Spokane","063","65-69","14","Female","9,771.99893786679","10,361.0122870764","10,959.00961676295","11,595.00582452909","12,230.00743288614","12,868.00746549296","13,524.01092315134","14,242.00949313201","15,014.00819322133","15,739.00283633604"
"Spokane","063","65-69","14","Male","8,946.9990145467","9,471.01085101775","10,005.00849392129","10,573.00513661979","11,139.00652385796","11,709.0065811934","12,296.00972598625","12,939.00830830733","13,630.00730450631","14,278.00282511889"
"Spokane","063","70-74","15","Female","7,170.99923636314","7,719.00992082379","8,273.00773253082","8,851.00467235265","9,433.00596003174","10,015.0059991328","10,610.00874713621","11,254.0075453725","11,942.0062082446","12,594.00178076907"
"Spokane","063","70-74","15","Male","6,274.99932055556","6,785.00845801495","7,296.00666862749","7,834.00411385632","8,371.00524812667","8,909.00541044121","9,458.00800137186","10,053.00701322402","10,687.0061396916","11,287.00248908518"
"Spokane","063","75-79","16","Female","6,041.99937397188","6,278.00931116015","6,522.00679435195","6,789.00388101952","7,056.00471295234","7,324.004542837","7,604.00636244831","7,919.00546694658","8,259.00411742075","8,576.00069572398"
"Spokane","063","75-79","16","Male","4,747.999494237","4,964.0067727277","5,184.00510671967","5,424.00300474392","5,664.00367265894","5,904.00362359297","6,152.00498733153","6,431.00437132452","6,732.00354052418","7,011.00107150963"
"Spokane","063","80-84","17","Female","5,230.99949238013","5,249.00872200241","5,275.00593915945","5,322.00312184233","5,368.00362327608","5,417.00326432976","5,473.00433856925","5,555.00368374688","5,654.00238292005","5,733.99971581422"
"Spokane","063","80-84","17","Male","3,413.9996579417","3,480.00459674109","3,551.00328155912","3,636.00177451887","3,720.00217807424","3,807.00209024072","3,898.00288343051","4,007.00255358038","4,130.00198967658","4,238.00032263133"
"Spokane","063","85+","18","Female","6,255.99947368032","6,239.01336466031","6,237.00861527063","6,258.00419157642","6,277.00471929684","6,303.00403160696","6,336.005048745","6,397.00432959712","6,477.00213408306","6,534.99826467213"
"Spokane","063","85+","18","Male","3,112.99971980367","3,150.00574559623","3,191.0038249938","3,245.00194581673","3,297.00227811508","3,351.0020798786","3,410.0027761651","3,485.00248307148","3,573.00167262204","3,645.99982866069"
"Stevens","065","0-4","1","Female","1,127.98694879738","1,125.00133638537","1,119.99698012881","1,109.98732500117","1,111.00050982545","1,109.99096761744","1,101.98821640936","1,099.0039802382","1,097.99053000397","1,100.98118339506"
"Stevens","065","0-4","1","Male","1,181.98364261112","1,172.00182925045","1,161.99631792052","1,147.98458325476","1,144.00068315864","1,136.98940441592","1,123.98620893471","1,115.004289902","1,106.98968696703","1,105.97868294708"
"Stevens","065","10-14","3","Female","1,614.9990164142","1,602.99911612552","1,588.99945336764","1,571.99702341099","1,563.99966137954","1,550.99649461239","1,535.99551756512","1,525.00170279838","1,517.99531382777","1,513.98826437832"
"Stevens","065","10-14","3","Male","1,628.99969208227","1,622.99922053144","1,614.99893078332","1,606.99300406439","1,605.00009580018","1,598.99065593336","1,590.98475613016","1,585.00597327939","1,584.98281638462","1,589.95875458655"
"Stevens","065","15-19","4","Female","1,506.00133148531","1,488.99886675409","1,468.99991903515","1,449.99878766885","1,434.99961080796","1,417.99742891456","1,398.99637719918","1,381.00153468498","1,370.99501348891","1,360.98649359634"
"Stevens","065","15-19","4","Male","1,698.99721482821","1,671.99953500371","1,640.99865697666","1,609.99238866994","1,585.00009377145","1,555.9914718857","1,525.98675726776","1,499.00498643333","1,476.98553697431","1,457.96444331627"
"Stevens","065","20-24","5","Female","791.98921995523","800.00123561584","809.99743150518","815.98879012609","825.00053201638","833.99155156959","840.98825269088","851.00379489127","861.99052272919","874.97981340394"
"Stevens","065","20-24","5","Male","882.98599038031","887.0016591903","890.99687403173","893.98678785695","900.00062005619","904.99101520462","906.98859481532","912.00313594517","921.99329551381","931.9887681198"
"Stevens","065","25-29","6","Female","872.99301746691","882.00045154008","887.99849912525","896.99382545357","907.00008752969","914.99574285338","921.99485316172","931.00167079012","942.99599452645","956.99102513302"
"Stevens","065","25-29","6","Male","849.99459451077","859.00019963952","867.99893844814","875.99589111875","886.99992522965","896.99770770052","902.99813798164","914.00056944462","926.99956431002","942.99965293392"
"Stevens","065","30-34","7","Female","1,062.9968877415","1,068.00000146603","1,068.99848326895","1,069.9915653436","1,077.00037800662","1,078.99057085165","1,082.98461927366","1,085.00554301857","1,092.98396510985","1,102.96276408466"
"Stevens","065","30-34","7","Male","920.99666933287","940.99999681223","957.99885282186","975.9942226278","997.00011760796","1,016.99425610041","1,033.99146456204","1,052.00314935432","1,075.99113390632","1,101.97900616343"
"Stevens","065","35-39","8","Female","1,117.99783999607","1,123.99947976425","1,129.99968728721","1,134.99924852383","1,144.99953885139","1,151.00018444732","1,155.00213614622","1,161.99914948297","1,174.00285781741","1,187.00690085775"
"Stevens","065","35-39","8","Male","1,151.99582505608","1,160.99986026988","1,167.99896986569","1,174.99527013199","1,184.99991574169","1,192.99575519284","1,200.99429827376","1,209.00202937188","1,222.99445986155","1,239.9863027721"
"Stevens","065","40-44","18","Female","1,354.0026910505","1,346.99860206383","1,339.00062687258","1,329.00283486498","1,324.99923999358","1,320.00205793852","1,310.00447062212","1,302.99861780534","1,301.00386009561","1,303.00797172097"
"Stevens","065","40-44","18","Male","1,229.00362362556","1,223.9986078057","1,218.00061706538","1,212.0023084119","1,208.99936635948","1,205.00081244524","1,199.00178129081","1,193.99958865051","1,195.00078504914","1,198.00054305542"
"Stevens","065","45-49","10","Female","1,627.0034582836","1,585.99827253173","1,542.00093345237","1,499.00432584263","1,460.99903236029","1,420.00325047951","1,378.00632283455","1,335.99810301066","1,303.00517877004","1,268.01092683628"
"Stevens","065","45-49","10","Male","1,526.00178718545","1,497.99874729913","1,470.00013909443","1,438.99995595897","1,413.99949290192","1,385.99870952757","1,356.99866898634","1,330.00063697171","1,306.99767968962","1,286.99264268074"
"Stevens","065","50-54","11","Female","1,977.00734276329","1,924.99757540246","1,871.00138818425","1,816.00544699464","1,769.99890000886","1,720.00295069099","1,666.00540118475","1,615.998640058","1,572.00333035448","1,531.00569105222"
"Stevens","065","50-54","11","Male","1,845.00753972008","1,798.99753857541","1,750.0016539178","1,699.00695034432","1,656.99879668264","1,612.00437952003","1,563.00761806223","1,517.99807759449","1,476.00471288274","1,440.00915138862"
"Stevens","065","55-59","12","Female","1,929.01403662904","1,913.9966133179","1,898.00255418527","1,879.00973806765","1,867.99858967761","1,853.00481317234","1,837.00747161231","1,821.99799981313","1,816.00423353952","1,812.00607039276"
"Stevens","065","55-59","12","Male","1,888.01124995442","1,875.99689488599","1,861.00249150472","1,844.01060904688","1,837.99846951625","1,824.00697564763","1,809.01150228269","1,797.9964511517","1,792.00878831953","1,791.01600421389"
"Stevens","065","5-9","2","Female","1,306.9909268177","1,306.00070917438","1,302.99747014661","1,297.98823142606","1,301.0004369954","1,298.98982526614","1,295.98535941214","1,294.0055921027","1,298.98526256286","1,304.96880273374"
"Stevens","065","5-9","2","Male","1,448.98851825098","1,443.00093820885","1,436.997130965","1,429.98732371027","1,429.0004368843","1,423.99007992472","1,417.98635861537","1,414.00451777908","1,414.98805881685","1,417.97279618035"
"Stevens","065","60-64","13","Female","1,689.01285942467","1,739.99663027391","1,787.00311043936","1,832.01403198298","1,886.9980798117","1,937.01099203267","1,983.01912317478","2,032.99357545533","2,091.01835420705","2,153.04153504154"
"Stevens","065","60-64","13","Male","1,784.01285892247","1,820.99666553623","1,857.00292640876","1,890.01280819471","1,930.99821847195","1,968.00945959761","2,003.01634450106","2,038.99473146951","2,086.0148097325","2,136.03132158769"
"Stevens","065","65-69","14","Female","1,317.00758190172","1,382.99774902842","1,446.00189151499","1,507.00866921644","1,574.99862331285","1,641.00676209808","1,703.01223489664","1,767.9957016839","1,840.01163270502","1,916.02525597003"
"Stevens","065","65-69","14","Male","1,480.01057082463","1,527.99716328136","1,575.00259517857","1,621.01177810271","1,671.9983446441","1,720.00907208826","1,765.01569618046","1,811.9947383483","1,868.01402115726","1,927.03067394585"
"Stevens","065","70-74","15","Female","907.00868096118","970.99779330383","1,035.00222941416","1,096.01038948417","1,162.99844996077","1,226.00847512902","1,289.01517266107","1,350.99681344241","1,421.01296386","1,494.03254891969"
"Stevens","065","70-74","15","Male","1,010.00776612933","1,081.99791647288","1,153.00195129271","1,222.00896835885","1,295.99870966797","1,367.00717219592","1,438.0125382291","1,507.99568131156","1,586.01199415241","1,666.0265776215"
"Stevens","065","75-79","16","Female","634.00417298093","670.99875654218","708.00104822123","742.00494099768","781.99921039989","818.00392061842","854.00706021994","890.99755753991","932.00641032271","974.01499186277"
"Stevens","065","75-79","16","Male","601.00256286006","640.99900333136","679.00092944965","719.00497297176","759.9992043335","798.00482190768","836.00891543591","876.99673560488","917.0087444954","964.02021271086"
"Stevens","065","80-84","17","Female","438.00241218429","452.99920787816","469.00060226066","485.00313329134","500.99945345066","516.00282447728","531.00530095023","547.99817726135","564.00477341311","583.01260792393"
"Stevens","065","80-84","17","Male","379.00519789485","401.99884111618","425.00114181433","447.00504481568","471.99938161082","494.00357107277","517.00564684498","539.99806082038","567.00470618496","592.0102074684"
"Stevens","065","85+","18","Female","475.0049864575","481.99876029994","485.00088601134","493.00380468756","499.9994259681","507.00204821924","511.0029611052","517.99899353633","527.00135350863","534.00303250867"
"Stevens","065","85+","18","Male","275.00328451765","282.99922531857","290.00068802747","300.00301996935","306.99936719371","312.00181867066","321.00386049928","331.00449896197","340.9946547611","350.00737849782"
"Thurston","067","0-4","1","Female","7,459.00747334028","7,473.99973669542","7,510.00030903138","7,565.00000565578","7,646.99942891949","7,689.99917401125","7,757.00051993619","7,817.00007351936","7,903.99934715996","7,951.00025016238"
"Thurston","067","0-4","1","Male","7,922.00793714326","7,934.99971847604","7,976.00033070761","8,035.00001459478","8,121.99940869511","8,167.99915101245","8,240.00059897896","8,304.00014905439","8,398.99938316629","8,447.00033658902"
"Thurston","067","10-14","3","Female","7,972.00799736566","8,006.99994138551","8,066.00079733487","8,144.00043796609","8,247.9996985765","8,313.9994170012","8,408.00087145656","8,493.00023538791","8,611.99957113627","8,678.00008380729"
"Thurston","067","10-14","3","Male","8,587.00861432385","8,629.9999433765","8,701.00087638192","8,794.00049849972","8,912.99970775014","8,993.99941761916","9,101.00102031895","9,200.00032838918","9,333.9996370115","9,414.00013254016"
"Thurston","067","15-19","4","Female","8,335.00836227422","8,300.99996559531","8,292.00083875233","8,306.00045681088","8,342.99970640243","8,344.99943526624","8,371.00090794463","8,391.00025990432","8,443.00070865503","8,444.00020475063"
"Thurston","067","15-19","4","Male","8,881.00890734881","8,834.99997387955","8,816.00086658225","8,821.00048115109","8,850.99970190165","8,844.99943643061","8,862.00103117825","8,874.00036188474","8,919.00006209029","8,910.0002247056"
"Thurston","067","20-24","5","Female","8,224.00824026049","8,227.99968051195","8,261.00022151957","8,312.99986552231","8,388.99923202418","8,429.99892509256","8,496.00037086244","8,555.99985701497","8,645.99901627153","8,686.00007370628"
"Thurston","067","20-24","5","Male","8,101.00811987921","8,131.99975807707","8,191.00035106171","8,267.99997591605","8,368.99932926295","8,434.99901770861","8,528.00046808368","8,611.9998906858","8,729.99906109256","8,794.00002823322"
"Thurston","067","25-29","6","Female","8,804.00881872345","8,854.99960008184","8,933.00016261604","9,032.999786383","9,160.99912345813","9,247.99877615443","9,364.00034131223","9,471.99981388937","9,615.99874135238","9,702.00010578945"
"Thurston","067","25-29","6","Male","8,602.00861760334","8,681.99964413986","8,788.00022794088","8,917.99985507695","9,072.99918711242","9,187.99884589802","9,332.00042183251","9,468.99987020654","9,640.99883840343","9,756.0001053541"
"Thurston","067","30-34","7","Female","8,407.00842704258","8,564.99974613772","8,748.00045174856","8,952.00007711513","9,183.99934684141","9,375.99900399075","9,596.00062825559","9,809.0000046635","10,058.99907566058","10,250.00005517618"
"Thurston","067","30-34","7","Male","8,202.00821994284","8,352.99972922499","8,528.00039006258","8,726.00002777057","8,948.99933387708","9,133.99900482912","9,346.0005921502","9,549.99998189891","9,791.99899367873","9,974.99999620643"
"Thurston","067","35-39","8","Female","8,290.0083150534","8,484.99987928646","8,706.00074811846","8,946.00038726859","9,214.99960740309","9,443.9992976806","9,702.00098700434","9,951.00023259724","10,239.99948932105","10,466.99990367583"
"Thurston","067","35-39","8","Male","7,986.00800890939","8,185.99985408793","8,410.00064977933","8,654.00028954721","8,923.99955616862","9,154.99924497796","9,415.00086783877","9,667.00015999983","9,957.9993691368","10,187.99995105802"
"Thurston","067","40-44","18","Female","8,416.00844610149","8,497.99999808006","8,606.00100622628","8,737.0006358406","8,891.99981097512","9,009.99952832926","9,155.00115411222","9,292.00036938329","9,463.99980866959","9,579.9999315772"
"Thurston","067","40-44","18","Male","8,315.00834334125","8,364.99996797382","8,444.00090854368","8,542.00053693357","8,663.99975764863","8,751.99947469607","8,863.00104314981","8,970.00031769232","9,107.99964715198","9,192.99998681779"
"Thurston","067","45-49","10","Female","9,323.00935885223","9,208.00008592307","9,124.0012567123","9,063.00083584488","9,028.99993668371","8,955.99965664356","8,908.00123805244","8,856.0003812285","8,833.99987069216","8,758.99976864053"
"Thurston","067","45-49","10","Male","8,785.00881857956","8,721.00007094871","8,685.00118090698","8,671.00079558097","8,681.99995052699","8,655.99969108272","8,655.00125360447","8,649.00045432791","8,671.99996684371","8,646.99990102744"
"Thurston","067","50-54","11","Female","9,989.01002750507","9,836.00011666577","9,717.00143924055","9,621.00101493365","9,553.00004137736","9,445.9997691057","9,365.00147460417","9,276.00058868402","9,222.00011756849","9,112.9999210575"
"Thurston","067","50-54","11","Male","8,946.00898208297","8,842.00014076054","8,770.00135787831","8,719.00096489793","8,691.00007268862","8,627.99981584326","8,591.00136423591","8,546.00049593342","8,531.00005264045","8,467.99975485146"
"Thurston","067","55-59","12","Female","9,913.00995366171","9,842.00017415237","9,801.00160389278","9,786.00118831878","9,798.00016209396","9,769.99989621241","9,770.00169014117","9,763.00073218057","9,790.00028923514","9,760.99987501365"
"Thurston","067","55-59","12","Male","8,572.00860922415","8,550.00019370189","8,554.00145907626","8,581.00108524823","8,632.0001730195","8,645.99993719753","8,688.00154396499","8,720.00069690012","8,786.00030729591","8,797.99994574859"
"Thurston","067","5-9","2","Female","7,592.00761204098","7,651.99984260574","7,735.00055721531","7,839.00023545818","7,963.99958135644","8,056.99931631569","8,173.00074035917","8,282.00017850652","8,422.9995266622","8,513.00017192521"
"Thurston","067","5-9","2","Male","8,037.00805827099","8,115.99983945178","8,220.00061039298","8,345.00026834794","8,493.99956898886","8,605.99928846958","8,744.00080946785","8,876.00018713984","9,041.99947676694","9,154.00004991645"
"Thurston","067","60-64","13","Female","8,306.00833767611","8,435.00011672324","8,589.00138723679","8,766.00105883252","8,966.00013362245","9,129.99989351646","9,320.00161986691","9,504.00079226816","9,723.00035949219","9,886.00006882383"
"Thurston","067","60-64","13","Male","7,534.00756608583","7,608.00017839886","7,704.00136976969","7,821.00106246154","7,962.00021308115","8,066.00000332399","8,196.00152687187","8,318.00072627138","8,473.00038488144","8,576.99995180204"
"Thurston","067","65-69","14","Female","5,799.00581831035","6,182.00003531256","6,581.00105604649","6,997.0008910006","7,432.00015094717","7,836.99999062565","8,267.00160775504","8,688.00105336181","9,144.00080930681","9,547.00070395756"
"Thurston","067","65-69","14","Male","5,213.0052343428","5,476.00010913452","5,755.00103282798","6,048.0008559996","6,359.00018967102","6,642.00004395791","6,946.00138871652","7,246.00083925574","7,572.00066105328","7,854.00039601099"
"Thurston","067","70-74","15","Female","3,867.00387713784","4,274.99995566709","4,694.00068363581","5,124.00062595088","5,567.00009815579","5,990.00001603132","6,430.00136075258","6,866.00105868656","7,327.00098221997","7,748.00089102382"
"Thurston","067","70-74","15","Male","3,405.00341677916","3,741.00003516763","4,086.00069452502","4,441.00061741207","4,809.0001426643","5,157.00005659815","5,520.00117453768","5,878.00083268269","6,262.00076169544","6,608.00056950263"
"Thurston","067","75-79","16","Female","2,995.0029986517","3,197.99987384956","3,410.00037513606","3,630.00035186389","3,859.99999271513","4,074.99994648166","4,302.00087102763","4,525.00075710642","4,767.00068752928","4,980.00082246024"
"Thurston","067","75-79","16","Male","2,562.00256890495","2,731.99997673934","2,909.00043806458","3,092.00038494982","3,287.00005563865","3,466.99999797199","3,658.00075018526","3,844.00057037901","4,046.0004837987","4,224.00049545604"
"Thurston","067","80-84","17","Female","2,590.00258915556","2,631.99979705031","2,681.00017387001","2,738.00017732375","2,801.99992264701","2,854.99989672121","2,915.00054420058","2,974.00052304939","3,045.00045882477","3,097.00068382442"
"Thurston","067","80-84","17","Male","1,786.0017888129","1,840.99993736033","1,901.00023237449","1,964.00021122513","2,035.00000879827","2,095.99998312174","2,165.00044778258","2,231.00037808529","2,306.00034711367","2,368.00038208775"
"Thurston","067","85+","18","Female","3,031.00302144585","3,030.99954450942","3,039.9999015565","3,057.99997209803","3,080.99974130866","3,094.99973545807","3,116.00046595967","3,137.0005575509","3,169.00047057219","3,178.00091048183"
"Thurston","067","85+","18","Male","1,516.0015138158","1,549.99983889413","1,585.00005325476","1,624.00007020805","1,668.99992698413","1,705.9999146123","1,751.00030352249","1,793.00029025497","1,843.00023588291","1,882.00036624657"
"Wahkiakum","069","0-4","1","Female","85.99964981318","88.99896214601","84.00014638076","83.99988628481","80.99980587332","82.99964040063","80.03729855635","82.03878583271","80.03993800903","83.04403816165"
"Wahkiakum","069","0-4","1","Male","72.99970675821","76.99923768009","71.00006603797","73.999903116","70.99988713173","72.99994255466","72.03422626218","74.035266233","73.03669937824","78.03847179409"
"Wahkiakum","069","10-14","3","Female","119.99951305474","117.99885562051","118.00011633419","114.99986216114","114.99982722913","114.99980214408","113.05335314206","112.05304564035","112.05713006399","114.05922728049"
"Wahkiakum","069","10-14","3","Male","112.9995422141","112.99936359526","113.99983906407","112.99985531992","114.99990153345","114.00007629782","116.05526317409","116.05489351087","118.06008673165","119.06048329481"
"Wahkiakum","069","15-19","4","Female","84.9996531859","86.99885998504","90.00023582233","91.99989690042","94.99994728308","98.00004923017","100.04791386391","102.04903112402","107.0516078967","110.05249658829"
"Wahkiakum","069","15-19","4","Male","123.99949902126","122.99863503532","123.00020034336","122.99987473131","122.99995574331","122.00017910798","122.05861196093","122.05890607002","124.06245168271","124.06129739511"
"Wahkiakum","069","20-24","5","Female","49.99979951563","53.00050561871","55.99953382647","58.9998904299","60.99988692795","64.00001593656","67.0319925209","70.0335578839","73.03668947863","77.03781045693"
"Wahkiakum","069","20-24","5","Male","62.9997555785","63.99953613198","61.00000717001","60.99993087806","60.99994872775","60.00000844917","59.02819005691","60.02790066262","60.02999267209","59.02864568122"
"Wahkiakum","069","25-29","6","Female","63.9999140122","66.00584035804","68.99747599271","69.99979950776","74.9998174466","77.00003580516","80.03812752489","82.03891099268","85.04329534344","89.04427666286"
"Wahkiakum","069","25-29","6","Male","82.99983186791","81.00455403796","79.99818358157","77.99983213344","76.99986131317","75.99998029016","74.03530546127","74.03568254292","74.03767679525","74.03752199638"
"Wahkiakum","069","30-34","7","Female","78.99969633479","79.99948308041","80.99999223824","81.99986121709","82.99957827381","83.99868426589","85.03544613285","87.02104228809","88.01413882603","91.00781053128"
"Wahkiakum","069","30-34","7","Male","76.9996897251","77.99907755423","81.00019466682","81.99989841864","84.99990879518","86.00005384228","89.04267867705","90.04356958069","93.04889830868","95.04929613196"
"Wahkiakum","069","35-39","8","Female","89.99963320987","89.99886697594","92.00024076108","89.99991166804","89.99996267944","91.00014670678","91.04367331374","92.04432401068","92.04823263748","94.04719790013"
"Wahkiakum","069","35-39","8","Male","77.99968180652","80.99901407788","83.0001968533","84.99991171669","87.99994401589","90.00000304578","92.04389670598","95.04524926951","97.05037004827","101.05268995609"
"Wahkiakum","069","40-44","18","Female","103.9995921127","103.99923023299","102.9999872493","103.99987803495","102.99990201225","101.99921236954","102.04767003362","102.04624783762","104.04597899517","104.05999250969"
"Wahkiakum","069","40-44","18","Male","111.9995421602","111.99860904448","109.00026273718","104.99989411275","105.99995157023","106.00012035648","103.04950263178","103.04995716979","104.05530823461","100.05324391381"
"Wahkiakum","069","45-49","10","Female","131.99947365991","131.99876755553","133.00007760241","131.99985677308","131.9999393216","133.00022382281","133.06400899232","133.06429645643","135.06618779663","136.06545867313"
"Wahkiakum","069","45-49","10","Male","141.99943397813","139.99853302593","136.00022103977","132.99984269548","129.9998342309","126.99990893439","125.05941811334","123.05927765906","122.06248784325","119.06000143171"
"Wahkiakum","069","50-54","11","Female","148.99943503335","147.99913081195","146.99996367548","144.99979288376","144.99971079345","143.99972542129","143.06761920458","143.06831591343","143.07187227845","144.07142941144"
"Wahkiakum","069","50-54","11","Male","141.9996546219","142.00508450087","143.99796249653","142.99978756445","144.99991439218","146.00033540983","148.07115606548","148.07205664447","150.08133338659","151.12352718063"
"Wahkiakum","069","55-59","12","Female","190.9992438865","187.99874689978","184.99989981644","181.99977734986","178.99992237508","176.00043166513","177.08550984925","174.08465208067","171.09234580017","172.08963191879"
"Wahkiakum","069","55-59","12","Male","190.99925737425","188.99832382202","188.00019647144","183.99979133314","181.9998663141","180.00012828692","179.08563187068","178.08547959839","177.09031907686","177.08899963077"
"Wahkiakum","069","5-9","2","Female","91.99982845423","92.00523190438","93.99806987955","92.99984047494","95.99988873495","96.9999944703","98.04663088655","98.04633857662","100.04997032609","103.05298570606"
"Wahkiakum","069","5-9","2","Male","98.9997600592","101.00418268696","102.99833156461","102.99979131185","103.99971515505","105.99968701146","106.04968600861","109.05149336137","111.05499811222","113.05602732912"
"Wahkiakum","069","60-64","13","Female","224.9991002353","221.99761595729","218.00034372542","212.99978438648","208.99997203856","206.00043953286","205.0986938814","201.0876146697","198.95488920451","197.88528302746"
"Wahkiakum","069","60-64","13","Male","198.99922187541","197.99815549466","196.00022238626","191.99979483818","192.99995745484","190.00046212342","189.0915000238","189.09237493557","188.099740044","188.09714052897"
"Wahkiakum","069","65-69","14","Female","177.99928872536","182.99798145368","188.00033951411","190.99980510247","195.99990560051","200.00026026379","206.09872317268","211.10058770849","218.11117257556","225.11213688932"
"Wahkiakum","069","65-69","14","Male","199.9991987459","203.99815731712","206.00014486317","207.99978521777","210.99992724475","215.00032760864","218.10480633977","221.10724997212","226.1174288741","231.11744218116"
"Wahkiakum","069","70-74","15","Female","131.99945699128","140.99801000457","149.00037802658","155.99985225755","165.99999233912","174.00035620928","183.08828977653","192.09241918108","202.10226070653","212.10493794465"
"Wahkiakum","069","70-74","15","Male","131.9994640443","138.99836062978","146.00024183229","152.99984712983","159.99982569323","166.00006878447","174.08325843143","181.08727810754","191.09638555203","198.09856627789"
"Wahkiakum","069","75-79","16","Female","76.99968772079","81.99925340981","86.00000074701","90.99990292354","95.00000232764","99.0003974397","103.05090074225","109.05726894783","114.06183967031","119.05827179163"
"Wahkiakum","069","75-79","16","Male","85.9996460593","90.99869834866","97.00031309302","100.99992000509","108.00003910947","112.00034352129","117.05661455467","123.0593254096","128.06486078533","136.0655016071"
"Wahkiakum","069","80-84","17","Female","52.9997820775","53.99919958102","58.00020881791","57.99995293656","61.00000995676","63.000095156","66.03165311281","67.03117704199","69.03083303444","73.03183471156"
"Wahkiakum","069","80-84","17","Male","51.9997915318","51.99931100957","56.00015958964","55.9999404906","56.9999913329","58.00014676115","61.02939914353","62.03030722799","64.0348348362","66.03682544326"
"Wahkiakum","069","85+","18","Female","71.9997098151","69.99910335206","70.00015009811","67.99988344714","66.99950753322","60.99864139699","62.02542322194","61.02492360008","60.02412723296","59.02361966166"
"Wahkiakum","069","85+","18","Male","32.99986473245","33.99952105607","35.00009570382","33.99996423886","33.99999149398","34.00007538095","39.01892659502","39.01919226216","39.02061775896","39.01987839822"
"Walla Walla","071","0-4","1","Female","1,706.002136752","1,686.0098160306","1,674.01391615738","1,659.0146317699","1,659.02054544683","1,647.0137500313","1,626.00990468381","1,612.01176200591","1,595.00792667607","1,586.00095131239"
"Walla Walla","071","0-4","1","Male","1,807.0023913511","1,779.01105663183","1,762.01521333937","1,739.01586909352","1,734.02299453308","1,716.01547733702","1,685.01083525489","1,664.01290081116","1,640.00849073637","1,626.00082991224"
"Walla Walla","071","10-14","3","Female","1,889.00170548747","1,878.01376905625","1,877.01926223559","1,875.01887390412","1,887.02387387216","1,891.01608373634","1,878.01238066951","1,876.01459177855","1,869.01023316321","1,870.00213516501"
"Walla Walla","071","10-14","3","Male","1,875.00149273756","1,876.01366286511","1,888.01942889134","1,897.01917857759","1,921.02435312515","1,938.01657125444","1,935.01296617074","1,947.01537662968","1,952.01083989007","1,964.00226764703"
"Walla Walla","071","15-19","4","Female","2,422.99541990955","2,404.87862171071","2,401.81948968852","2,393.82525019537","2,406.81294452688","2,408.87396346157","2,387.88878670495","2,382.87410194425","2,370.91084334962","2,368.92800922034"
"Walla Walla","071","15-19","4","Male","2,463.9979366662","2,440.9291571383","2,429.89280382471","2,415.90003762191","2,420.89276040504","2,415.92734414021","2,388.93287060429","2,377.92455596589","2,358.94066232612","2,349.9498341925"
"Walla Walla","071","20-24","5","Female","2,370.99713122515","2,351.91113354134","2,344.86878312956","2,334.87170899216","2,343.86366959743","2,343.90792695916","2,320.92165215104","2,312.90770897329","2,299.93484365138","2,293.94938981723"
"Walla Walla","071","20-24","5","Male","2,851.99674664382","2,811.91752563981","2,788.88035252639","2,762.88895337349","2,756.88490651575","2,738.92337620878","2,696.93288594017","2,672.92439533253","2,639.94185125237","2,617.95156003195"
"Walla Walla","071","25-29","6","Female","1,631.00120605375","1,618.0052028565","1,615.00797286813","1,608.00899259611","1,615.01397267658","1,615.00970992781","1,600.00706328934","1,595.00886143537","1,587.00620343594","1,583.99986829758"
"Walla Walla","071","25-29","6","Male","2,200.00024204072","2,172.99884420715","2,158.00285242412","2,140.00546602386","2,139.01206346805","2,130.00866410155","2,100.0097884233","2,084.01170583013","2,064.00949997448","2,050.00168031677"
"Walla Walla","071","30-34","7","Female","1,576.00111190984","1,587.00978752528","1,608.01413665098","1,625.01400559331","1,657.01765138888","1,680.01137907626","1,690.00975298717","1,710.01078836216","1,726.00703692433","1,746.00197341814"
"Walla Walla","071","30-34","7","Male","1,907.000752124","1,927.00483953233","1,960.00978822354","1,989.01105127169","2,035.01646350706","2,070.0105365389","2,090.0116213835","2,120.01294161154","2,145.00936456376","2,177.00287332587"
"Walla Walla","071","35-39","8","Female","1,533.001214494","1,554.00883543457","1,583.01304776125","1,611.01319247136","1,650.0166418456","1,683.01093809448","1,702.00882944568","1,731.010134953","1,754.00692697564","1,784.00030895535"
"Walla Walla","071","35-39","8","Male","1,761.000879368","1,790.00810437942","1,828.01376065808","1,866.01437909452","1,916.01918015205","1,960.0125166713","1,987.01259420879","2,024.01403510636","2,056.01075754054","2,097.00265837834"
"Walla Walla","071","40-44","18","Female","1,645.0003415795","1,641.00912276033","1,647.01439494746","1,649.01397864541","1,664.01551739355","1,674.00977513971","1,668.00849214646","1,673.00899592846","1,672.00572172684","1,678.99984712851"
"Walla Walla","071","40-44","18","Male","1,815.00027679711","1,815.00793557437","1,827.0139542417","1,835.01441495738","1,860.01819416061","1,877.01193641098","1,875.0119832318","1,886.01338945917","1,891.00999821254","1,903.00249433933"
"Walla Walla","071","45-49","10","Female","1,825.99954819659","1,791.00926034284","1,768.01468847663","1,743.01369280608","1,730.01401606348","1,710.00879563495","1,675.00822096198","1,650.00896877891","1,621.00627798513","1,597.00063477744"
"Walla Walla","071","45-49","10","Male","1,982.99965342942","1,947.00834951713","1,921.015063649","1,894.01488032778","1,880.01631446287","1,861.01028438098","1,822.010146255","1,796.01050721181","1,765.00735023695","1,740.00084246895"
"Walla Walla","071","50-54","11","Female","2,039.99915831727","1,998.01247323983","1,967.01942789961","1,932.01762413307","1,913.01667389546","1,886.00995641811","1,842.00951529414","1,807.00935417061","1,770.0060682064","1,739.00022585293"
"Walla Walla","071","50-54","11","Male","2,011.99933325509","1,983.01118645637","1,968.01833402274","1,948.01700738591","1,944.01692154935","1,931.0102051211","1,901.01035873156","1,883.01031294908","1,860.00697899131","1,844.0005279955"
"Walla Walla","071","55-59","12","Female","1,891.99858672773","1,885.01534794036","1,888.02328321973","1,888.0204203727","1,903.01738296663","1,912.00988324924","1,901.00982553393","1,903.00881290154","1,901.00549856566","1,903.99950439693"
"Walla Walla","071","55-59","12","Male","1,902.9988125025","1,896.01278720877","1,899.02028429572","1,900.0185907396","1,917.01770581284","1,925.01100166769","1,915.01135630445","1,918.01179540969","1,914.0085037847","1,920.00195962631"
"Walla Walla","071","5-9","2","Female","1,801.0020630745","1,786.01303503652","1,783.01800601915","1,775.01792677953","1,781.02374250653","1,783.01589579521","1,766.01157137519","1,760.0135920858","1,750.00917159392","1,746.00147196327"
"Walla Walla","071","5-9","2","Male","1,812.00178952151","1,814.01319356983","1,829.01880670706","1,837.01877433307","1,862.02405979565","1,878.01583906987","1,878.01223827769","1,889.0137375969","1,898.00916173301","1,909.00101417442"
"Walla Walla","071","60-64","13","Female","1,634.99850817078","1,672.01572861114","1,719.0236239347","1,764.02091324785","1,822.01785645578","1,874.01047684857","1,909.01051271412","1,955.00952233431","1,996.00624607744","2,044.9999254772"
"Walla Walla","071","60-64","13","Male","1,643.9986798167","1,669.01453880579","1,702.0219647898","1,733.01931327695","1,777.01648962451","1,817.00945897301","1,838.00962684471","1,871.00867762176","1,899.00562656934","1,933.00013634"
"Walla Walla","071","65-69","14","Female","1,214.9986826346","1,280.01303983789","1,354.02079621412","1,425.01953516197","1,509.01817391514","1,587.01188138884","1,650.01210045601","1,722.01244740894","1,790.00855862638","1,865.00544298365"
"Walla Walla","071","65-69","14","Male","1,196.99885475257","1,264.01228101855","1,338.01946534635","1,410.01812942981","1,495.01685351887","1,573.01112959906","1,638.01069039738","1,710.01131140065","1,779.00851215619","1,855.00236064605"
"Walla Walla","071","70-74","15","Female","944.99884486371","1,008.01153178753","1,076.01843941133","1,142.01754820495","1,218.01679747658","1,289.01188281787","1,348.01085898248","1,416.01196162548","1,480.00908372699","1,548.003134163"
"Walla Walla","071","70-74","15","Male","790.99914226276","860.0088795447","934.01442068766","1,006.0137555156","1,088.01305815802","1,164.00874989741","1,231.00937376224","1,302.00982920175","1,374.00689792862","1,447.00521099801"
"Walla Walla","071","75-79","16","Female","890.99870738748","911.01259496197","938.0186020694","962.01674503486","993.01546132731","1,022.01083508085","1,039.00885814063","1,064.0095994903","1,087.00686316509","1,113.0026425632"
"Walla Walla","071","75-79","16","Male","694.99905756068","724.00966673234","758.0145930695","790.01330906736","829.01221467951","864.0083448797","893.00747373903","927.00785756547","956.00599529441","991.0025714908"
"Walla Walla","071","80-84","17","Female","881.9983788243","870.01431156377","863.01958311139","855.0169017816","853.01567236996","848.01114152573","836.00766830984","828.00873895954","819.00633147121","813.00290908971"
"Walla Walla","071","80-84","17","Male","546.99907013933","549.00793651849","554.01148574283","557.01020680794","565.00957958945","573.00671733419","574.00540844173","577.00595632853","581.00437594466","586.00198970401"
"Walla Walla","071","85+","18","Female","1,044.99742968741","1,055.02339358556","1,071.03245027288","1,087.02906726672","1,109.02909271325","1,132.0225660668","1,137.01408262453","1,153.0183976023","1,167.01404300394","1,181.00794952765"
"Walla Walla","071","85+","18","Male","569.9987137367","575.01104883799","586.01552348235","591.01367416287","605.01320051286","618.00800516271","621.01570556205","628.01737321232","634.99825455654","644.16486431345"
"Whatcom","073","0-4","1","Female","5,478.00471892228","5,450.03277657375","5,423.01500196151","5,430.00626169623","5,418.00827795638","5,419.00816003767","5,423.00731820286","5,455.00809337754","5,500.00425940455","5,546.00355551264"
"Whatcom","073","0-4","1","Male","5,859.0035566249","5,814.03620364187","5,775.01605618689","5,766.00647483908","5,739.00883665967","5,727.00864938047","5,718.00761380382","5,740.008296791","5,772.00435421218","5,806.00342724779"
"Whatcom","073","10-14","3","Female","5,937.00628309418","5,937.05178715502","5,945.02598220002","5,982.01216255193","6,005.01305239018","6,036.01218541388","6,079.01084503404","6,146.01089769412","6,228.00615782799","6,306.00325914615"
"Whatcom","073","10-14","3","Male","6,122.00339689932","6,124.05145913025","6,132.02526576713","6,169.01157380731","6,194.0138344173","6,227.01353272468","6,271.01227995368","6,341.01260493924","6,426.00730463812","6,508.00417174163"
"Whatcom","073","15-19","4","Female","8,022.999480065","7,955.67395318839","7,899.8499874746","7,882.93706939505","7,847.94059907942","7,823.94618143028","7,815.95576614295","7,838.96450036066","7,876.98019665918","7,912.99273058594"
"Whatcom","073","15-19","4","Male","7,881.99991994028","7,803.78214766707","7,739.90123887025","7,709.95937720673","7,664.96285722378","7,630.96699965966","7,610.9731701757","7,619.97907671951","7,647.988571237","7,670.99573816614"
"Whatcom","073","20-24","5","Female","10,066.00639340693","10,043.63637250461","10,035.80209198836","10,075.90320738643","10,095.89791752626","10,126.89357072082","10,179.90078464027","10,271.91042658942","10,386.94056273262","10,496.97364167772"
"Whatcom","073","20-24","5","Male","10,211.0058311341","10,131.68174249106","10,066.82810270288","10,050.91632881756","10,012.91397773273","9,989.91145625052","9,984.91794657838","10,019.92727689861","10,077.9515501019","10,128.97984963927"
"Whatcom","073","25-29","6","Female","6,757.00791134032","6,798.98841455812","6,847.98898676736","6,929.99262119472","6,995.99215522639","7,072.99009876901","7,161.98946759738","7,279.99124132842","7,416.99246730377","7,549.99814713785"
"Whatcom","073","25-29","6","Male","7,262.0075101839","7,306.96138894008","7,359.97522179779","7,446.9864718505","7,519.98545821778","7,601.98306516808","7,696.98280754657","7,824.98448035673","7,970.98798073963","8,113.99511486441"
"Whatcom","073","30-34","7","Female","5,970.00899533049","6,047.02202348385","6,132.0099052773","6,243.0043590178","6,343.00361983754","6,449.00198676146","6,568.00118963313","6,715.00191959657","6,877.00007638465","7,037.00066249957"
"Whatcom","073","30-34","7","Male","6,180.00715796568","6,279.01533177296","6,386.00521206402","6,522.00152479259","6,644.00168097927","6,774.00028560799","6,916.99957052407","7,088.00072628142","7,275.99907841157","7,464.00060474261"
"Whatcom","073","35-39","8","Female","5,818.00819420686","5,929.03892960815","6,049.02028646775","6,194.01038730739","6,328.0096086795","6,469.00814595842","6,622.00742477122","6,802.00758483396","6,998.00443939123","7,193.00133804944"
"Whatcom","073","35-39","8","Male","5,858.00745305453","5,960.02906744213","6,071.01409827244","6,207.0069337969","6,332.00662724614","6,464.00523397998","6,606.00469792749","6,778.00520921476","6,966.00271770707","7,151.00099109004"
"Whatcom","073","40-44","18","Female","6,196.01004678393","6,184.04447169379","6,183.023403286","6,208.01197693125","6,224.01050396723","6,245.00874108741","6,279.00779243508","6,337.00761065479","6,412.00443311121","6,482.00124526114"
"Whatcom","073","40-44","18","Male","6,123.00856807199","6,132.03983300073","6,149.02092717044","6,193.0107578187","6,227.01011415547","6,268.00872384675","6,320.00800647332","6,398.00813769374","6,491.00487524627","6,582.00155258404"
"Whatcom","073","45-49","10","Female","6,838.00968035263","6,732.05126665947","6,638.02669293475","6,575.0133727159","6,499.01251206997","6,431.01090337121","6,375.00975253506","6,346.00959237137","6,329.00563826437","6,309.00223888694"
"Whatcom","073","45-49","10","Male","6,694.00886847356","6,595.04661043984","6,504.02373316577","6,445.01170150482","6,374.01123401889","6,310.00967167872","6,260.0085664987","6,233.00859968272","6,221.00490780988","6,205.00201524283"
"Whatcom","073","50-54","11","Female","7,031.01184507759","6,922.05820121764","6,825.03089434326","6,759.01570144995","6,681.01428162802","6,612.01248993368","6,554.01122210902","6,525.01084002526","6,507.00649117791","6,487.00239655106"
"Whatcom","073","50-54","11","Male","6,766.00920983722","6,649.0520792735","6,545.02695556859","6,472.01351142124","6,385.01245379158","6,307.01053513157","6,239.00932052941","6,199.00897991433","6,170.00528364733","6,138.00163748107"
"Whatcom","073","55-59","12","Female","7,229.01446763167","7,172.06507501857","7,125.03502109682","7,113.01813823015","7,087.01564525384","7,069.01354827929","7,065.01230054369","7,088.01191667271","7,128.00749279846","7,164.00257975525"
"Whatcom","073","55-59","12","Male","6,599.01379815077","6,550.05407290726","6,511.02937467506","6,501.01531148623","6,480.01318672697","6,466.01139186668","6,465.01037311631","6,490.01024287202","6,529.00636661197","6,566.00238502052"
"Whatcom","073","5-9","2","Female","5,455.00481853096","5,488.042204344","5,530.02063282015","5,596.00935125563","5,651.01125351672","5,713.01120428207","5,784.0102458121","5,881.0109272159","5,992.00624985044","6,098.00417778436"
"Whatcom","073","5-9","2","Male","5,810.00453697868","5,842.04454965409","5,882.02146662507","5,948.0094683673","6,003.01198507849","6,065.01205750096","6,137.0110085599","6,235.01188633882","6,347.00675127335","6,459.00494360541"
"Whatcom","073","60-64","13","Female","6,239.01443317231","6,320.06179765982","6,410.03459548882","6,529.01842984117","6,634.01571519373","6,746.01377580588","6,872.01263001771","7,026.01216217735","7,196.00775265513","7,366.00249863774"
"Whatcom","073","60-64","13","Male","6,097.01438083706","6,117.05822541248","6,146.0321841595","6,204.01702577616","6,246.01403825996","6,299.0119110573","6,363.01087589354","6,452.01042455331","6,557.00655852484","6,660.00206198891"
"Whatcom","073","65-69","14","Female","4,437.01051970019","4,722.05152108096","5,013.0304230701","5,322.01700631937","5,622.01519428592","5,926.01417899917","6,241.01367439734","6,583.01346768842","6,943.0090385235","7,302.00285796775"
"Whatcom","073","65-69","14","Male","4,323.00984863514","4,523.04959935706","4,726.0287643884","4,950.01598702355","5,164.01397115319","5,383.01260454061","5,611.01198475311","5,864.01146367045","6,132.00776451274","6,400.00210212082"
"Whatcom","073","70-74","15","Female","3,037.00794583378","3,330.03796325547","3,623.02343474832","3,931.01373484173","4,230.01195373191","4,532.01118350948","4,843.01106804689","5,176.01073740847","5,523.00747692982","5,872.00194180499"
"Whatcom","073","70-74","15","Male","2,871.00735166582","3,123.03633010028","3,377.0221741572","3,643.01292393729","3,903.01140769516","4,165.01073123185","4,436.0106998296","4,725.01043332917","5,026.00736257425","5,329.00207152063"
"Whatcom","073","75-79","16","Female","2,428.00577158972","2,557.03110586675","2,687.0182334632","2,830.01016335707","2,967.00888105161","3,106.00826079148","3,250.00793663043","3,409.00758939154","3,576.00516984696","3,744.00157468953"
"Whatcom","073","75-79","16","Male","2,135.00578474122","2,261.0267697019","2,389.01622146606","2,527.00933076854","2,659.00797826688","2,794.00737288499","2,934.00722590873","3,087.00694640001","3,247.00478194325","3,409.001259091"
"Whatcom","073","80-84","17","Female","2,106.0070507911","2,118.02708063103","2,133.0157146475","2,158.00849518201","2,177.00660627424","2,201.00583075552","2,226.00544175689","2,263.00500674931","2,305.00337203635","2,343.00096725548"
"Whatcom","073","80-84","17","Male","1,560.0045162208","1,591.01935133766","1,627.01126575619","1,667.0061480821","1,706.00517944687","1,746.00478641524","1,789.00456675683","1,839.00437284635","1,893.00294503129","1,949.0009649774"
"Whatcom","073","85+","18","Female","2,460.00997527035","2,462.03668188243","2,466.02109948812","2,480.01107136697","2,491.00819609083","2,506.00696955967","2,524.00623119927","2,553.00549703219","2,588.00363686719","2,617.00093581152"
"Whatcom","073","85+","18","Male","1,283.00477947063","1,305.01761133381","1,330.0103496765","1,360.00563862832","1,386.00420520158","1,414.00357557197","1,447.00319368225","1,483.00283034059","1,524.00193403929","1,564.00035986605"
"Whitman","075","0-4","1","Female","909.03024416339","905.32055538201","922.70894410619","926.50199934882","933.11442809416","939.29330780663","956.95924880455","959.95991906325","966.88986459055","979.19256649558"
"Whitman","075","0-4","1","Male","1,069.03416141063","1,053.09843374587","1,060.4185390716","1,052.31424872334","1,049.00132322159","1,043.2063996755","1,049.95543622986","1,042.95587640285","1,035.87810551258","1,036.21325127814"
"Whitman","075","10-14","3","Female","839.0396131711","842.78083105352","872.95566631781","887.94923612044","906.73074974441","929.93528302391","946.94355290661","966.93972339617","983.8232520756","1,010.31570187068"
"Whitman","075","10-14","3","Male","950.04576106156","945.45376354054","968.55250983627","975.69955484778","988.58691924545","1,004.82862545433","1,015.9381385905","1,026.9344451253","1,036.80893012401","1,056.33697248777"
"Whitman","075","15-19","4","Female","3,160.75797769044","3,185.34540251693","3,289.27651452867","3,320.35556217844","3,369.83800036702","3,442.52001836683","3,483.39784562194","3,539.40132975762","3,592.09942950822","3,669.07878654113"
"Whitman","075","15-19","4","Male","2,910.80430548491","2,907.58675484154","2,975.64108888781","2,979.59241568642","3,001.86244291551","3,040.93083523354","3,057.29235743447","3,083.28784478553","3,104.78208620042","3,150.60704053026"
"Whitman","075","20-24","5","Female","5,231.7088716181","5,168.28322642264","5,237.15069085329","5,192.29371356699","5,177.54111911297","5,193.98444729992","5,170.38087004749","5,162.44118561525","5,146.36368925914","5,170.60180338346"
"Whitman","075","20-24","5","Male","6,161.64987995399","6,004.47142164842","6,000.30994417867","5,864.53415848518","5,762.68574156276","5,697.84639254734","5,584.40799726842","5,491.46584229424","5,390.41875658281","5,328.51768746931"
"Whitman","075","25-29","6","Female","1,722.00953548741","1,704.36437865586","1,734.10536642529","1,730.45332738708","1,738.70453770294","1,753.8056929298","1,756.97743692477","1,764.9865997948","1,768.98709236228","1,788.00225255704"
"Whitman","075","25-29","6","Male","1,898.98562396158","1,894.70858856065","1,942.95197398634","1,953.71502167187","1,975.50399024612","2,006.48110128255","2,022.00806033251","2,045.02433098905","2,065.10967219069","2,100.79317222708"
"Whitman","075","30-34","7","Female","1,104.03020355105","1,109.28747353321","1,147.64427890331","1,165.45366812026","1,190.07197093433","1,220.24794810429","1,240.95475276596","1,264.95709625978","1,284.88956960117","1,317.18074839974"
"Whitman","075","30-34","7","Male","1,220.01989051233","1,232.83161270421","1,279.38256604503","1,304.94745128975","1,334.37487627248","1,372.5042746196","1,401.96480679354","1,431.97047394825","1,459.93594702322","1,503.1030720254"
"Whitman","075","35-39","8","Female","894.03364401761","903.08127789913","936.31516027955","953.17664698205","976.85907443716","1,004.03926249486","1,024.94664817012","1,049.94318063469","1,069.83250361446","1,101.2979017535"
"Whitman","075","35-39","8","Male","912.0328321422","925.17710264271","965.53976640943","988.39788359034","1,017.03349654547","1,050.20500881925","1,076.95534303069","1,105.95582731991","1,131.87992927343","1,168.20832793564"
"Whitman","075","40-44","18","Female","937.04093724726","927.68898275964","944.84075388536","945.87822379338","953.69024006338","962.90928946654","966.94298039857","973.9392844438","975.82255350332","990.31104350602"
"Whitman","075","40-44","18","Male","927.03741832307","916.93279154319","935.22662492398","936.17354314267","941.88763454923","951.08416521051","955.95035206221","961.94972830749","965.86026847189","978.24558121774"
"Whitman","075","45-49","10","Female","1,023.04903359958","990.30128177715","989.39861454373","969.62334411586","956.55257356252","945.8147557478","930.94036389447","915.93735907362","899.81922404982","891.30912482361"
"Whitman","075","45-49","10","Male","980.04573549665","955.47412901522","959.58228680048","947.72389917455","938.60024389706","935.83222921886","926.94039273922","918.93666267561","910.81400465789","908.32383092928"
"Whitman","075","50-54","11","Female","1,113.05417378236","1,075.01997925813","1,071.01739572066","1,047.37003880404","1,028.39785683779","1,014.68329874025","994.93362084558","974.92991298759","954.79658466152","943.34876001893"
"Whitman","075","50-54","11","Male","1,099.05524068538","1,064.96974588138","1,060.98068687533","1,040.35617995657","1,024.39822938379","1,012.69032612391","995.93478103147","979.93169572496","961.80483135099","950.33225617477"
"Whitman","075","55-59","12","Female","949.04906389725","945.24254135906","969.26715592057","977.46851493466","989.42044633089","1,006.66769277937","1,018.93126270483","1,030.92547116277","1,040.77801802064","1,060.39301539992"
"Whitman","075","55-59","12","Male","1,018.05210677083","998.08659284792","1,006.08524402364","997.37909038235","993.379833378","995.65375249938","989.93174761987","986.92657849592","981.78352538558","985.37631659973"
"Whitman","075","5-9","2","Female","902.03728729709","900.94548106703","927.22131711194","937.16716499339","952.89061532867","970.09413492254","984.95098877186","999.94961157845","1,010.85630034057","1,032.25251589771"
"Whitman","075","5-9","2","Male","908.03725536385","907.88624488512","933.09064322899","944.03094465447","957.78093908303","977.9833731599","990.94491191345","1,005.94174770429","1,018.8296245196","1,041.30139298106"
"Whitman","075","60-64","13","Female","875.04605233657","882.39494898824","915.44945384984","933.56726803896","955.46649249485","982.70353004128","1,003.93360732089","1,025.92717579442","1,045.78085190659","1,075.38895762338"
"Whitman","075","60-64","13","Male","804.04145593974","816.60914456885","852.68764806471","874.69108925626","901.51891782148","934.72248284212","957.93391506016","984.9263592436","1,008.77404546591","1,042.40728738351"
"Whitman","075","65-69","14","Female","679.03815266603","687.78859297845","713.94817518835","730.86024652344","750.62401168267","774.81731263222","791.94064045295","811.93182334677","829.78255749233","855.39792684233"
"Whitman","075","65-69","14","Male","664.03823842536","676.82422107861","708.99211317045","731.91403573085","755.66442528094","784.84605106492","808.94108557291","833.9330367667","856.78951290743","888.38714596432"
"Whitman","075","70-74","15","Female","465.02665883879","486.43161604457","520.76847308559","546.40913078145","576.95075524296","611.070989068","636.9521800703","666.94434571919","694.82251338275","730.32661733326"
"Whitman","075","70-74","15","Male","420.02452929437","437.58154629631","470.03041735016","493.60102016832","520.09056789567","550.2045310584","573.95883165433","600.95262979675","626.85059473581","657.2774905017"
"Whitman","075","75-79","16","Female","378.02131004207","394.72871099813","426.15366801174","449.66225619101","474.10772723727","503.20140506006","526.95943257256","552.9514351067","576.83984360912","607.30411923542"
"Whitman","075","75-79","16","Male","338.01947645811","348.87703207718","373.42759110481","387.90504057186","407.28700775911","427.38067305148","445.96854819195","464.96378388944","479.88594598313","503.21053498729"
"Whitman","075","80-84","17","Female","329.01893398605","325.9165734846","331.52496878406","331.98775005551","335.3563901349","341.45132699472","340.97383514863","342.97014631681","345.90567014281","349.16643234703"
"Whitman","075","80-84","17","Male","255.0156379448","256.10833897006","264.78273476752","268.16288879232","274.46409317115","282.54161232049","286.97736432081","291.97414053513","296.91864834193","304.14698792288"
"Whitman","075","85+","18","Female","459.02955925958","445.35374822135","447.81345578989","437.54477747702","433.09262509432","435.24379681437","425.96606033996","422.96123558248","414.87933956725","415.21248640272"
"Whitman","075","85+","18","Male","270.01719809867","265.04193276459","268.73856798485","273.13666445817","273.46270335429","278.54767351683","276.97860239267","274.97616034984","280.92471357647","282.13289096121"
"Yakima","077","0-4","1","Female","10,459.08303649501","10,264.99008993431","10,060.97239705932","9,862.0516371213","9,673.10403891208","9,468.21407645935","9,289.20205146706","9,107.1641051122","8,906.10068641743","8,706.04877177196"
"Yakima","077","0-4","1","Male","10,950.07697550393","10,763.98763875941","10,564.96765619498","10,376.05629158784","10,195.11414544362","9,999.2367236203","9,827.21817012826","9,651.17196162116","9,458.0995511814","9,265.04413183013"
"Yakima","077","10-14","3","Female","9,663.03870099211","9,776.99331621685","9,881.982219563","9,994.03549454268","10,111.07794624599","10,217.17447685733","10,348.18106075783","10,477.1620123641","10,583.10984519571","10,684.05989074157"
"Yakima","077","10-14","3","Male","10,196.03619222528","10,293.99290168147","10,380.98153276577","10,475.03525167187","10,578.07855887395","10,665.17873282156","10,782.18472189258","10,894.16453070862","10,983.10902934859","11,065.05688037186"
"Yakima","077","15-19","4","Female","9,510.03630472497","9,541.99384189876","9,561.98460608215","9,591.02945744031","9,625.0617091702","9,646.13265171034","9,693.13441442363","9,738.11837135802","9,761.07847853666","9,778.04253814573"
"Yakima","077","15-19","4","Male","10,454.03630138465","10,439.99250067806","10,415.98173324409","10,398.03198573656","10,389.06793287803","10,366.14698597458","10,370.14499317776","10,372.12256532553","10,349.07511475216","10,322.03615478713"
"Yakima","077","20-24","5","Female","7,937.0412528506","7,938.99352520315","7,933.98316671354","7,934.03150458458","7,939.06424033815","7,935.13377740359","7,951.12769249236","7,965.10742160108","7,962.06905829682","7,953.03691655243"
"Yakima","077","20-24","5","Male","8,593.04286043694","8,586.99194587977","8,569.97918951265","8,559.03712609208","8,554.07790388675","8,539.1640465309","8,546.15922020499","8,548.1340493074","8,535.08449157691","8,516.04303519639"
"Yakima","077","25-29","6","Female","8,161.03799138571","8,200.99644218196","8,231.9899332658","8,266.02153763441","8,308.04398255821","8,340.10069942717","8,393.09655169717","8,444.08334313357","8,478.05482277778","8,503.02948545919"
"Yakima","077","25-29","6","Male","8,156.03099413559","8,228.9952174948","8,291.98749689963","8,360.02403703683","8,436.05135467994","8,501.12028318699","8,587.11819184962","8,671.10382361221","8,736.06844657505","8,796.03567985426"
"Yakima","077","30-34","7","Female","7,746.04179258779","7,812.99795086321","7,871.99331408057","7,936.01670157543","8,007.03353158946","8,065.07246622176","8,145.06841214391","8,225.05656522937","8,286.03431566804","8,341.01561051911"
"Yakima","077","30-34","7","Male","7,855.03842315718","7,922.99756762387","7,980.99273696564","8,045.01682652384","8,115.03405582753","8,174.0745323367","8,256.07060334873","8,333.05897877535","8,393.0361588738","8,449.01715369789"
"Yakima","077","35-39","8","Female","7,447.02573035432","7,522.99953440971","7,589.99839504069","7,662.0073135617","7,742.01418894862","7,811.03084409796","7,899.03193009181","7,986.02907821176","8,056.01870471014","8,120.00921355517"
"Yakima","077","35-39","8","Male","7,500.01929195785","7,554.99861029241","7,599.99686415103","7,651.00767471958","7,709.01548777999","7,756.03385119198","7,822.03248835524","7,886.02743287108","7,933.01563306177","7,977.00571573258"
"Yakima","077","40-44","18","Female","7,138.99656709166","7,200.00026995306","7,252.00228637519","7,307.99924952868","7,369.9995522445","7,423.00327248593","7,496.00933433113","7,566.01407662896","7,620.01359354621","7,669.0103162384"
"Yakima","077","40-44","18","Male","7,345.00572992013","7,362.9992244221","7,373.99949196751","7,389.00200722214","7,410.00352918212","7,423.00713726849","7,454.00588416041","7,482.00511187111","7,495.0016834653","7,502.99993562531"
"Yakima","077","45-49","10","Female","7,645.97066863103","7,606.00329922218","7,556.01131629588","7,512.98301041401","7,475.96811764856","7,427.94195447686","7,398.95290972134","7,368.96976235119","7,322.9855114214","7,270.9954606548"
"Yakima","077","45-49","10","Male","7,728.97028401763","7,654.00156776707","7,571.00749046284","7,494.9874831956","7,422.97764326694","7,340.96173724125","7,277.97007972905","7,212.98155087871","7,132.99105002289","7,047.99705092267"
"Yakima","077","50-54","11","Female","7,393.94601547894","7,349.00373655823","7,294.01447632437","7,244.97412738333","7,201.95143729939","7,148.91069298267","7,114.92329801411","7,078.94534776118","7,027.96898403239","6,970.98574422181"
"Yakima","077","50-54","11","Male","7,573.95285364367","7,508.00357236273","7,433.01345922749","7,363.97729886702","7,299.95725328893","7,226.92124931688","7,171.93335224406","7,115.95369639666","7,042.97568585534","6,965.99095755185"
"Yakima","077","55-59","12","Female","7,048.94092915122","7,076.00659188757","7,098.02254539159","7,122.96093026791","7,152.920499449","7,174.83779344715","7,214.84727195701","7,251.87785642467","7,274.92408489616","7,291.96254449535"
"Yakima","077","55-59","12","Male","6,606.943154258","6,675.00444290461","6,736.01703134936","6,802.96834938441","6,871.9368567633","6,935.8737567834","7,014.88078693663","7,092.90433669144","7,156.93869829115","7,211.96839748985"
"Yakima","077","5-9","2","Female","10,057.06451063805","10,038.99203377754","10,010.97786177794","9,989.04300149184","9,972.08941888089","9,946.19070894371","9,944.1863588419","9,940.1571392803","9,913.09983709483","9,882.05056659662"
"Yakima","077","5-9","2","Male","10,399.0389577931","10,378.98979113235","10,348.97515574838","10,327.04188008028","10,311.08869244937","10,282.19108293948","10,281.18486995427","10,275.15328232903","10,249.09440084844","10,215.04585625403"
"Yakima","077","60-64","13","Female","5,792.9380974671","5,920.00643946457","6,041.02334833997","6,165.9572227466","6,295.91042079722","6,416.81183212466","6,553.81581427751","6,689.8469794213","6,811.90073028456","6,929.94842738762"
"Yakima","077","60-64","13","Male","5,749.95405348919","5,871.00630670101","5,985.02098884923","6,102.96307003014","6,224.92321247971","6,338.84026331011","6,470.84533625733","6,598.87242303511","6,713.9174195634","6,825.95708022807"
"Yakima","077","65-69","14","Female","4,540.95137850853","4,728.00555132248","4,911.02078552408","5,096.96049983361","5,285.91457058136","5,469.81392944451","5,666.81071134761","5,861.83721941592","6,044.89089256219","6,222.94129861796"
"Yakima","077","65-69","14","Male","4,286.96254216458","4,453.00541840364","4,612.01881710986","4,777.9663648689","4,943.92701987305","5,103.84079001695","5,277.84022657723","5,449.86387939712","5,610.91040845319","5,767.95318132294"
"Yakima","077","70-74","15","Female","3,363.97261614064","3,538.004307204","3,709.01647104286","3,882.96815050726","4,058.92755457258","4,228.83471351033","4,410.8238726307","4,591.84455787517","4,762.89279566227","4,929.93998340356"
"Yakima","077","70-74","15","Male","3,006.96752107558","3,185.00394551436","3,359.01503523549","3,536.97080555645","3,716.93485359075","3,889.85377685574","4,073.84606874269","4,257.86396123972","4,431.90657913723","4,602.94858324796"
"Yakima","077","75-79","16","Female","2,706.9701246858","2,792.00402010103","2,875.01503726423","2,957.9722879944","3,042.93899771952","3,124.86366769304","3,215.85846071926","3,304.87590448959","3,387.91568289862","3,465.95356018468"
"Yakima","077","75-79","16","Male","2,210.98253627897","2,309.00364285949","2,406.01256600885","2,500.97756549398","2,599.94912750413","2,696.88390215687","2,799.87878682302","2,899.89327975456","2,997.92831323474","3,090.9615813966"
"Yakima","077","80-84","17","Female","2,271.97357656436","2,280.00349901175","2,288.01312430216","2,293.9770365645","2,304.95137498063","2,312.89524430745","2,324.89546334333","2,335.91274938882","2,343.94386128264","2,347.97083950841"
"Yakima","077","80-84","17","Male","1,665.98113704963","1,694.00238919226","1,719.00898744545","1,744.98352979222","1,772.96394445205","1,798.9202277119","1,829.91807226598","1,858.92909597911","1,884.95270756331","1,907.97495200996"
"Yakima","077","85+","18","Female","2,669.96229987168","2,666.00525991207","2,658.02017870127","2,650.96582483373","2,646.92799743683","2,639.84485383016","2,640.84587714267","2,637.87202601659","2,631.9187240131","2,621.95791476221"
"Yakima","077","85+","18","Male","1,396.98459789217","1,416.00260715959","1,430.00930371781","1,446.98446413015","1,463.9668484556","1,478.92826524076","1,501.92866200454","1,520.94052417725","1,534.9620188565","1,550.98058962953"
